Siniestro N˙mero,Pˇliza,Inivig,Fecha_Ocurr,Fecha_Recla,Monto Pagado
28,978,2021-06-11 00:00:00,2021-11-02 00:00:00,2021-12-14 00:00:00,58550
36,1529,2021-07-22 00:00:00,2022-01-16 00:00:00,2022-03-31 00:00:00,305310
75,3187,2021-11-19 00:00:00,2022-03-03 00:00:00,2022-05-12 00:00:00,60510
83,3309,2021-11-28 00:00:00,2022-03-25 00:00:00,2022-06-12 00:00:00,2001120
97,3872,2022-01-06 00:00:00,2022-07-16 00:00:00,2022-07-19 00:00:00,303330
87,3396,2021-12-03 00:00:00,2022-07-31 00:00:00,2022-08-09 00:00:00,47760
131,5056,2022-04-05 00:00:00,2022-08-22 00:00:00,2022-09-20 00:00:00,275750
66,2772,2021-10-21 00:00:00,2022-02-12 00:00:00,2022-10-12 00:00:00,344260
52,2043,2021-08-28 00:00:00,2021-10-30 00:00:00,2022-10-27 00:00:00,705820
31,1295,2021-07-03 00:00:00,2021-08-30 00:00:00,2022-11-06 00:00:00,847700
13,536,2021-05-12 00:00:00,2021-12-25 00:00:00,2022-11-26 00:00:00,154680
69,2877,2021-10-28 00:00:00,2022-08-15 00:00:00,2023-02-18 00:00:00,182580
103,3973,2022-01-13 00:00:00,2022-03-31 00:00:00,2023-03-24 00:00:00,634870
185,7040,2022-08-28 00:00:00,2023-04-21 00:00:00,2023-04-23 00:00:00,96750
9,188,2021-04-16 00:00:00,2021-06-24 00:00:00,2023-05-09 00:00:00,617020
146,5832,2022-06-03 00:00:00,2022-09-15 00:00:00,2023-06-02 00:00:00,241440
95,3704,2021-12-25 00:00:00,2022-06-20 00:00:00,2023-06-21 00:00:00,6419440
21,723,2021-05-24 00:00:00,2022-10-03 00:00:00,2023-07-19 00:00:00,792550
68,2793,2021-10-23 00:00:00,2022-07-03 00:00:00,2023-07-29 00:00:00,132350
132,5070,2022-04-07 00:00:00,2023-01-08 00:00:00,2023-08-08 00:00:00,1693220
51,2039,2021-08-27 00:00:00,2023-01-14 00:00:00,2023-09-22 00:00:00,153110
3,122,2021-04-11 00:00:00,2022-05-11 00:00:00,2023-09-23 00:00:00,172420
60,2475,2021-09-28 00:00:00,2021-12-25 00:00:00,2023-09-29 00:00:00,81610
54,2095,2021-09-01 00:00:00,2021-10-17 00:00:00,2023-10-05 00:00:00,860310
178,6789,2022-08-10 00:00:00,2023-06-17 00:00:00,2023-10-10 00:00:00,605670
200,7706,2022-10-14 00:00:00,2023-10-13 00:00:00,2023-10-13 00:00:00,183050
35,1483,2021-07-18 00:00:00,2022-04-19 00:00:00,2023-10-17 00:00:00,393460
94,3632,2021-12-20 00:00:00,2022-06-17 00:00:00,2023-10-17 00:00:00,236440
82,3290,2021-11-27 00:00:00,2021-12-28 00:00:00,2023-12-06 00:00:00,329370
154,6068,2022-06-20 00:00:00,2022-12-28 00:00:00,2023-12-31 00:00:00,480270
62,2527,2021-10-02 00:00:00,2022-10-25 00:00:00,2024-01-04 00:00:00,399930
6,149,2021-04-13 00:00:00,2023-06-11 00:00:00,2024-01-28 00:00:00,358550
140,5571,2022-05-16 00:00:00,2022-12-10 00:00:00,2024-02-17 00:00:00,362290
105,4040,2022-01-19 00:00:00,2022-11-27 00:00:00,2024-03-02 00:00:00,190560
2,107,2021-04-09 00:00:00,2022-05-30 00:00:00,2024-03-08 00:00:00,33140
199,7695,2022-10-14 00:00:00,2023-12-15 00:00:00,2024-03-25 00:00:00,89130
363,14031,2024-01-15 00:00:00,2024-02-25 00:00:00,2024-04-26 00:00:00,215660
20,691,2021-05-22 00:00:00,2023-01-18 00:00:00,2024-05-07 00:00:00,327220
119,4554,2022-02-27 00:00:00,2023-06-03 00:00:00,2024-05-12 00:00:00,670850
33,1382,2021-07-09 00:00:00,2023-02-27 00:00:00,2024-05-18 00:00:00,1369620
243,9275,2023-02-08 00:00:00,2023-10-12 00:00:00,2024-06-02 00:00:00,159630
257,9662,2023-03-08 00:00:00,2024-03-22 00:00:00,2024-06-20 00:00:00,167700
171,6599,2022-07-29 00:00:00,2023-07-02 00:00:00,2024-06-29 00:00:00,1192900
55,2161,2021-09-06 00:00:00,2023-02-10 00:00:00,2024-06-30 00:00:00,340060
22,806,2021-05-30 00:00:00,2022-08-18 00:00:00,2024-07-08 00:00:00,156530
225,8640,2022-12-25 00:00:00,2024-02-23 00:00:00,2024-07-23 00:00:00,195520
157,6150,2022-06-27 00:00:00,2024-01-19 00:00:00,2024-07-29 00:00:00,757810
10,200,2021-04-17 00:00:00,2024-06-17 00:00:00,2024-08-06 00:00:00,1722590
118,4495,2022-02-23 00:00:00,2024-05-30 00:00:00,2024-08-22 00:00:00,264260
341,13254,2023-11-21 00:00:00,2024-07-28 00:00:00,2024-08-24 00:00:00,44960
267,10078,2023-04-06 00:00:00,2024-04-21 00:00:00,2024-09-01 00:00:00,685720
181,6856,2022-08-14 00:00:00,2023-12-01 00:00:00,2024-09-25 00:00:00,167960
93,3623,2021-12-19 00:00:00,2024-09-02 00:00:00,2024-09-29 00:00:00,211240
167,6493,2022-07-22 00:00:00,2024-07-02 00:00:00,2024-10-09 00:00:00,916790
8,169,2021-04-14 00:00:00,2024-04-03 00:00:00,2024-10-11 00:00:00,860030
14,563,2021-05-14 00:00:00,2022-11-26 00:00:00,2024-10-15 00:00:00,349030
297,11420,2023-07-13 00:00:00,2024-06-16 00:00:00,2024-10-16 00:00:00,115180
194,7561,2022-10-05 00:00:00,2023-07-19 00:00:00,2024-10-20 00:00:00,100160
37,1579,2021-07-26 00:00:00,2024-04-29 00:00:00,2024-10-31 00:00:00,293090
127,4887,2022-03-24 00:00:00,2024-03-08 00:00:00,2024-11-10 00:00:00,335480
332,13099,2023-11-11 00:00:00,2024-06-16 00:00:00,2024-11-26 00:00:00,168660
173,6676,2022-08-03 00:00:00,2022-12-13 00:00:00,2024-12-03 00:00:00,96510
48,1813,2021-08-11 00:00:00,2024-06-29 00:00:00,2024-12-15 00:00:00,225860
218,8461,2022-12-13 00:00:00,2023-02-13 00:00:00,2024-12-21 00:00:00,7853860
188,7186,2022-09-08 00:00:00,2023-05-30 00:00:00,2024-12-22 00:00:00,280590
263,9955,2023-03-29 00:00:00,2023-10-13 00:00:00,2024-12-23 00:00:00,1255900
130,4994,2022-04-01 00:00:00,2024-05-09 00:00:00,2024-12-25 00:00:00,686230
291,11033,2023-06-13 00:00:00,2024-05-17 00:00:00,2025-01-02 00:00:00,112670
30,1253,2021-06-29 00:00:00,2023-02-12 00:00:00,2025-01-12 00:00:00,1030460
126,4884,2022-03-24 00:00:00,2024-09-17 00:00:00,2025-01-13 00:00:00,290020
77,3211,2021-11-20 00:00:00,2023-11-03 00:00:00,2025-01-15 00:00:00,6004950
98,3907,2022-01-09 00:00:00,2023-08-17 00:00:00,2025-01-18 00:00:00,924810
230,8791,2023-01-05 00:00:00,2023-06-04 00:00:00,2025-01-20 00:00:00,2587730
150,6016,2022-06-17 00:00:00,2023-06-19 00:00:00,2025-01-21 00:00:00,219260
345,13304,2023-11-25 00:00:00,2024-09-01 00:00:00,2025-01-24 00:00:00,1102770
234,8911,2023-01-12 00:00:00,2023-06-05 00:00:00,2025-01-29 00:00:00,581450
446,16915,2024-08-15 00:00:00,2024-12-10 00:00:00,2025-02-01 00:00:00,927620
162,6355,2022-07-12 00:00:00,2023-05-14 00:00:00,2025-02-02 00:00:00,1096650
145,5747,2022-05-28 00:00:00,2024-02-01 00:00:00,2025-02-11 00:00:00,54200
233,8887,2023-01-11 00:00:00,2024-09-18 00:00:00,2025-02-21 00:00:00,1356910
155,6075,2022-06-21 00:00:00,2023-07-12 00:00:00,2025-02-26 00:00:00,467390
170,6590,2022-07-29 00:00:00,2023-11-08 00:00:00,2025-03-02 00:00:00,307630
316,12447,2023-09-25 00:00:00,2025-02-13 00:00:00,2025-03-14 00:00:00,364480
228,8763,2023-01-03 00:00:00,2023-07-29 00:00:00,2025-03-16 00:00:00,246990
24,859,2021-06-02 00:00:00,2024-01-16 00:00:00,2025-03-20 00:00:00,141410
352,13642,2023-12-19 00:00:00,2024-07-02 00:00:00,2025-03-26 00:00:00,191300
81,3283,2021-11-26 00:00:00,2024-08-28 00:00:00,2025-03-28 00:00:00,1264460
18,654,2021-05-20 00:00:00,2024-07-18 00:00:00,2025-04-01 00:00:00,148770
147,5836,2022-06-04 00:00:00,2023-04-23 00:00:00,2025-04-04 00:00:00,159510
4,127,2021-04-11 00:00:00,2024-05-01 00:00:00,2025-04-06 00:00:00,81530
86,3394,2021-12-03 00:00:00,2023-04-27 00:00:00,2025-04-17 00:00:00,897600
281,10519,2023-05-09 00:00:00,2024-03-14 00:00:00,2025-05-06 00:00:00,105500
111,4319,2022-02-09 00:00:00,2023-08-21 00:00:00,2025-05-15 00:00:00,198620
292,11048,2023-06-14 00:00:00,2025-04-10 00:00:00,2025-05-18 00:00:00,717420
203,7778,2022-10-21 00:00:00,2023-10-07 00:00:00,2025-05-18 00:00:00,292190
416,15826,2024-05-29 00:00:00,2025-02-13 00:00:00,2025-05-23 00:00:00,1657690
214,8375,2022-12-07 00:00:00,2025-01-12 00:00:00,2025-05-24 00:00:00,41610
372,14540,2024-02-23 00:00:00,2024-08-07 00:00:00,2025-05-27 00:00:00,875840
19,674,2021-05-22 00:00:00,2024-05-23 00:00:00,2025-05-30 00:00:00,267860
313,12230,2023-09-08 00:00:00,2024-06-20 00:00:00,2025-06-02 00:00:00,76760
139,5420,2022-05-04 00:00:00,2024-03-22 00:00:00,2025-06-09 00:00:00,2688770
49,1898,2021-08-17 00:00:00,2024-01-14 00:00:00,2025-06-30 00:00:00,3017110
376,14631,2024-03-02 00:00:00,2025-06-22 00:00:00,2025-07-15 00:00:00,120830
282,10601,2023-05-14 00:00:00,2023-11-06 00:00:00,2025-07-17 00:00:00,137050
79,3255,2021-11-24 00:00:00,2023-09-22 00:00:00,2025-07-22 00:00:00,454790
284,10754,2023-05-25 00:00:00,2024-02-22 00:00:00,2025-07-30 00:00:00,65430
221,8519,2022-12-17 00:00:00,2024-11-24 00:00:00,2025-08-06 00:00:00,409980
53,2058,2021-08-29 00:00:00,2025-07-15 00:00:00,2025-08-12 00:00:00,279530
12,312,2021-04-27 00:00:00,2025-03-26 00:00:00,2025-08-18 00:00:00,61420
222,8533,2022-12-18 00:00:00,2024-12-14 00:00:00,2025-08-18 00:00:00,188750
208,8220,2022-11-25 00:00:00,2024-08-07 00:00:00,2025-08-26 00:00:00,80410
325,12704,2023-10-14 00:00:00,2025-04-08 00:00:00,2025-08-26 00:00:00,154530
207,8192,2022-11-22 00:00:00,2024-11-05 00:00:00,2025-08-28 00:00:00,467630
165,6473,2022-07-21 00:00:00,2024-04-18 00:00:00,2025-09-05 00:00:00,409260
174,6681,2022-08-04 00:00:00,2025-01-17 00:00:00,2025-09-08 00:00:00,91520
299,11588,2023-07-25 00:00:00,2024-10-08 00:00:00,2025-09-18 00:00:00,367650
249,9405,2023-02-17 00:00:00,2024-05-28 00:00:00,2025-09-21 00:00:00,18620
429,16462,2024-07-14 00:00:00,2025-09-11 00:00:00,2025-09-23 00:00:00,187040
67,2783,2021-10-22 00:00:00,2022-12-15 00:00:00,2025-09-25 00:00:00,564140
141,5598,2022-05-18 00:00:00,2023-08-15 00:00:00,2025-10-13 00:00:00,320960
149,5908,2022-06-09 00:00:00,2025-05-10 00:00:00,2025-10-14 00:00:00,782070
343,13278,2023-11-23 00:00:00,2023-12-28 00:00:00,2025-10-17 00:00:00,916790
196,7677,2022-10-12 00:00:00,2023-12-12 00:00:00,2025-10-22 00:00:00,509910
129,4981,2022-03-31 00:00:00,2024-11-21 00:00:00,2025-11-05 00:00:00,73830
91,3593,2021-12-16 00:00:00,2024-08-25 00:00:00,2025-11-09 00:00:00,324100
319,12538,2023-10-03 00:00:00,2024-02-21 00:00:00,2025-11-17 00:00:00,176790
168,6533,2022-07-24 00:00:00,2024-04-03 00:00:00,2025-11-25 00:00:00,768440
449,17071,2024-08-27 00:00:00,2025-10-30 00:00:00,2025-12-01 00:00:00,332320
317,12450,2023-09-25 00:00:00,2024-12-19 00:00:00,2025-12-05 00:00:00,177230
156,6122,2022-06-25 00:00:00,2024-12-31 00:00:00,2025-12-06 00:00:00,144750
355,13724,2023-12-23 00:00:00,2025-06-18 00:00:00,2025-12-08 00:00:00,1474270
11,263,2021-04-22 00:00:00,2024-04-01 00:00:00,2025-12-18 00:00:00,156740
179,6814,2022-08-12 00:00:00,2025-08-26 00:00:00,2025-12-19 00:00:00,1577420
250,9414,2023-02-18 00:00:00,2023-12-06 00:00:00,2026-01-01 00:00:00,834970
310,12072,2023-08-29 00:00:00,2025-12-23 00:00:00,2026-01-03 00:00:00,991050
412,15707,2024-05-19 00:00:00,2025-08-31 00:00:00,2026-01-09 00:00:00,247140
357,13778,2023-12-27 00:00:00,2025-04-28 00:00:00,2026-01-11 00:00:00,240270
115,4350,2022-02-11 00:00:00,2024-02-19 00:00:00,2026-01-14 00:00:00,234680
80,3282,2021-11-26 00:00:00,2023-04-26 00:00:00,2026-01-23 00:00:00,216090
137,5370,2022-04-30 00:00:00,2025-05-14 00:00:00,2026-01-31 00:00:00,1188210
175,6713,2022-08-06 00:00:00,2025-04-07 00:00:00,2026-02-08 00:00:00,247590
128,4957,2022-03-29 00:00:00,2023-05-02 00:00:00,2026-02-09 00:00:00,80180
144,5705,2022-05-24 00:00:00,2025-03-25 00:00:00,2026-02-20 00:00:00,1184940
256,9594,2023-03-03 00:00:00,2024-06-21 00:00:00,2026-03-06 00:00:00,523640
186,7077,2022-08-31 00:00:00,2024-03-28 00:00:00,2026-03-07 00:00:00,343580
160,6211,2022-07-01 00:00:00,2026-02-12 00:00:00,2026-03-15 00:00:00,1235970
76,3208,2021-11-20 00:00:00,2024-12-05 00:00:00,2026-03-19 00:00:00,357770
421,16034,2024-06-15 00:00:00,2026-01-10 00:00:00,2026-03-20 00:00:00,60680
121,4624,2022-03-05 00:00:00,2025-04-28 00:00:00,2026-03-26 00:00:00,208200
409,15583,2024-05-10 00:00:00,2025-08-29 00:00:00,2026-03-30 00:00:00,367260
328,12819,2023-10-22 00:00:00,2024-05-30 00:00:00,2026-04-01 00:00:00,1332400
333,13109,2023-11-12 00:00:00,2024-12-09 00:00:00,2026-04-02 00:00:00,180590
34,1451,2021-07-15 00:00:00,2026-02-19 00:00:00,2026-04-07 00:00:00,771660
360,13875,2024-01-04 00:00:00,2026-01-23 00:00:00,2026-04-08 00:00:00,157360
327,12807,2023-10-22 00:00:00,2025-12-04 00:00:00,2026-04-09 00:00:00,299320
276,10382,2023-04-28 00:00:00,2025-03-14 00:00:00,2026-04-10 00:00:00,503330
279,10414,2023-05-01 00:00:00,2025-07-23 00:00:00,2026-04-13 00:00:00,55020
346,13309,2023-11-25 00:00:00,2025-07-03 00:00:00,2026-04-20 00:00:00,1071900
302,11667,2023-07-31 00:00:00,2024-05-19 00:00:00,2026-04-22 00:00:00,3228380
318,12485,2023-09-28 00:00:00,2025-09-06 00:00:00,2026-04-24 00:00:00,6009210
110,4317,2022-02-08 00:00:00,2024-12-04 00:00:00,2026-05-15 00:00:00,91300
420,15938,2024-06-07 00:00:00,2026-01-24 00:00:00,2026-05-18 00:00:00,81050
61,2487,2021-09-30 00:00:00,2025-05-15 00:00:00,2026-05-27 00:00:00,106210
337,13144,2023-11-14 00:00:00,2025-05-05 00:00:00,2026-05-29 00:00:00,76130
417,15828,2024-05-29 00:00:00,2025-08-25 00:00:00,2026-05-30 00:00:00,523080
427,16399,2024-07-10 00:00:00,2025-10-18 00:00:00,2026-06-08 00:00:00,247190
312,12213,2023-09-08 00:00:00,2023-10-25 00:00:00,2026-06-10 00:00:00,109100
410,15606,2024-05-12 00:00:00,2025-11-09 00:00:00,2026-06-11 00:00:00,332760
27,956,2021-06-09 00:00:00,2024-05-06 00:00:00,2026-06-14 00:00:00,306600
73,3056,2021-11-08 00:00:00,2023-09-09 00:00:00,2026-06-14 00:00:00,2189380
488,18969,2025-01-12 00:00:00,2025-12-25 00:00:00,2026-06-16 00:00:00,755950
400,15264,2024-04-15 00:00:00,2026-05-17 00:00:00,2026-06-17 00:00:00,41940
190,7252,2022-09-13 00:00:00,2025-12-16 00:00:00,2026-06-17 00:00:00,306550
88,3480,2021-12-08 00:00:00,2026-02-16 00:00:00,2026-06-19 00:00:00,527080
623,24186,2026-02-05 00:00:00,2026-04-10 00:00:00,2026-06-24 00:00:00,1671880
92,3612,2021-12-18 00:00:00,2024-10-22 00:00:00,2026-06-27 00:00:00,218090
210,8295,2022-12-02 00:00:00,2026-03-24 00:00:00,2026-06-30 00:00:00,130140
242,9261,2023-02-07 00:00:00,2023-08-26 00:00:00,2026-07-07 00:00:00,45340
286,10818,2023-05-30 00:00:00,2025-03-19 00:00:00,2026-07-08 00:00:00,105890
283,10722,2023-05-22 00:00:00,2025-02-22 00:00:00,2026-07-12 00:00:00,186710
108,4165,2022-01-28 00:00:00,2026-06-03 00:00:00,2026-07-13 00:00:00,723020
502,19279,2025-02-04 00:00:00,2026-04-27 00:00:00,2026-07-14 00:00:00,120080
485,18776,2024-12-29 00:00:00,2025-12-15 00:00:00,2026-07-15 00:00:00,178090
518,19946,2025-03-26 00:00:00,2026-01-14 00:00:00,2026-07-16 00:00:00,47180
217,8452,2022-12-12 00:00:00,2025-01-28 00:00:00,2026-07-31 00:00:00,1264800
568,22061,2025-08-31 00:00:00,2026-05-22 00:00:00,2026-08-05 00:00:00,1264490
629,24363,2026-02-18 00:00:00,2026-03-31 00:00:00,2026-08-07 00:00:00,2268770
309,12020,2023-08-23 00:00:00,2024-09-12 00:00:00,2026-08-10 00:00:00,168030
380,14854,2024-03-19 00:00:00,2025-12-20 00:00:00,2026-08-11 00:00:00,157350
293,11103,2023-06-19 00:00:00,2026-04-03 00:00:00,2026-08-17 00:00:00,197530
430,16476,2024-07-15 00:00:00,2024-12-30 00:00:00,2026-08-18 00:00:00,128750
224,8615,2022-12-24 00:00:00,2026-02-06 00:00:00,2026-08-22 00:00:00,220060
399,15239,2024-04-14 00:00:00,2026-03-23 00:00:00,2026-09-13 00:00:00,39280
219,8470,2022-12-14 00:00:00,2025-04-17 00:00:00,2026-09-14 00:00:00,1545700
248,9398,2023-02-17 00:00:00,2024-12-20 00:00:00,2026-09-19 00:00:00,132650
258,9668,2023-03-09 00:00:00,2026-03-22 00:00:00,2026-09-26 00:00:00,74990
254,9496,2023-02-23 00:00:00,2024-12-11 00:00:00,2026-09-28 00:00:00,73350
405,15356,2024-04-22 00:00:00,2026-04-10 00:00:00,2026-09-29 00:00:00,1188080
478,18561,2024-12-13 00:00:00,2025-02-25 00:00:00,2026-10-07 00:00:00,229300
274,10326,2023-04-25 00:00:00,2026-03-06 00:00:00,2026-10-09 00:00:00,365790
408,15563,2024-05-08 00:00:00,2026-09-05 00:00:00,2026-10-09 00:00:00,209510
556,21355,2025-07-09 00:00:00,2026-07-25 00:00:00,2026-10-15 00:00:00,361920
216,8406,2022-12-09 00:00:00,2026-09-14 00:00:00,2026-10-22 00:00:00,863210
289,10963,2023-06-08 00:00:00,2026-01-20 00:00:00,2026-10-22 00:00:00,802680
455,17243,2024-09-07 00:00:00,2025-05-25 00:00:00,2026-10-25 00:00:00,186710
362,14026,2024-01-15 00:00:00,2025-05-12 00:00:00,2026-10-28 00:00:00,51420
262,9913,2023-03-26 00:00:00,2025-08-31 00:00:00,2026-10-30 00:00:00,402270
447,16969,2024-08-19 00:00:00,2025-11-25 00:00:00,2026-10-30 00:00:00,261450
470,18302,2024-11-24 00:00:00,2025-08-23 00:00:00,2026-11-19 00:00:00,1859210
114,4342,2022-02-10 00:00:00,2026-05-13 00:00:00,2026-11-19 00:00:00,48620
534,20492,2025-05-07 00:00:00,2025-08-15 00:00:00,2026-11-19 00:00:00,4498590
46,1777,2021-08-09 00:00:00,2024-12-22 00:00:00,2026-11-23 00:00:00,812230
240,9070,2023-01-24 00:00:00,2023-06-25 00:00:00,2026-11-23 00:00:00,245190
7,155,2021-04-13 00:00:00,2024-12-22 00:00:00,2026-11-25 00:00:00,1021410
70,2956,2021-11-02 00:00:00,2026-06-02 00:00:00,2026-11-28 00:00:00,304550
359,13846,2024-01-02 00:00:00,2025-12-10 00:00:00,2026-12-01 00:00:00,932790
47,1794,2021-08-10 00:00:00,2024-07-15 00:00:00,2026-12-06 00:00:00,74450
237,8983,2023-01-18 00:00:00,2026-08-22 00:00:00,2026-12-06 00:00:00,290020
17,622,2021-05-18 00:00:00,2025-03-24 00:00:00,2026-12-12 00:00:00,478390
483,18733,2024-12-26 00:00:00,2026-07-10 00:00:00,2026-12-16 00:00:00,140360
298,11559,2023-07-23 00:00:00,2025-06-14 00:00:00,2026-12-18 00:00:00,648970
602,23427,2025-12-12 00:00:00,2026-02-28 00:00:00,2026-12-20 00:00:00,105820
381,14872,2024-03-20 00:00:00,2025-02-14 00:00:00,2026-12-23 00:00:00,2710810
672,25942,2026-06-15 00:00:00,2026-08-02 00:00:00,2026-12-28 00:00:00,650670
315,12428,2023-09-23 00:00:00,2025-04-24 00:00:00,2026-12-29 00:00:00,184310
197,7687,2022-10-13 00:00:00,2026-10-08 00:00:00,2026-12-29 00:00:00,763020
124,4796,2022-03-17 00:00:00,2025-07-02 00:00:00,2026-12-29 00:00:00,155760
169,6568,2022-07-27 00:00:00,2026-09-21 00:00:00,2027-01-01 00:00:00,86000
443,16848,2024-08-10 00:00:00,2025-04-13 00:00:00,2027-01-02 00:00:00,394660
448,16994,2024-08-22 00:00:00,2026-01-11 00:00:00,2027-01-03 00:00:00,572580
166,6492,2022-07-22 00:00:00,2025-09-08 00:00:00,2027-01-06 00:00:00,865210
490,19078,2025-01-21 00:00:00,2026-01-03 00:00:00,2027-01-10 00:00:00,330210
212,8364,2022-12-06 00:00:00,2025-03-20 00:00:00,2027-01-11 00:00:00,45750
104,3978,2022-01-14 00:00:00,2026-10-10 00:00:00,2027-01-14 00:00:00,236230
600,23345,2025-12-06 00:00:00,2026-07-19 00:00:00,2027-01-19 00:00:00,393150
213,8373,2022-12-07 00:00:00,2026-05-25 00:00:00,2027-01-22 00:00:00,48980
570,22168,2025-09-08 00:00:00,2025-12-25 00:00:00,2027-01-24 00:00:00,474450
308,12016,2023-08-23 00:00:00,2026-11-03 00:00:00,2027-01-26 00:00:00,85810
71,2974,2021-11-03 00:00:00,2025-05-24 00:00:00,2027-01-29 00:00:00,124100
25,889,2021-06-04 00:00:00,2025-12-10 00:00:00,2027-02-03 00:00:00,212080
303,11718,2023-08-04 00:00:00,2025-08-24 00:00:00,2027-02-04 00:00:00,264410
45,1768,2021-08-08 00:00:00,2026-06-29 00:00:00,2027-02-09 00:00:00,34660
635,24708,2026-03-17 00:00:00,2026-11-30 00:00:00,2027-02-11 00:00:00,485360
523,20005,2025-03-30 00:00:00,2025-09-25 00:00:00,2027-02-12 00:00:00,1046740
57,2286,2021-09-14 00:00:00,2026-08-20 00:00:00,2027-02-13 00:00:00,230110
152,6044,2022-06-19 00:00:00,2026-04-15 00:00:00,2027-02-16 00:00:00,313620
385,14920,2024-03-23 00:00:00,2027-02-17 00:00:00,2027-02-17 00:00:00,671400
163,6431,2022-07-18 00:00:00,2026-03-01 00:00:00,2027-02-22 00:00:00,415390
239,9063,2023-01-23 00:00:00,2026-07-19 00:00:00,2027-02-23 00:00:00,192910
481,18712,2024-12-24 00:00:00,2025-07-27 00:00:00,2027-02-24 00:00:00,1928660
704,27085,2026-09-03 00:00:00,2026-10-05 00:00:00,2027-03-01 00:00:00,82990
133,5198,2022-04-17 00:00:00,2026-05-24 00:00:00,2027-03-06 00:00:00,3017520
378,14768,2024-03-12 00:00:00,2025-08-26 00:00:00,2027-03-07 00:00:00,175350
342,13259,2023-11-21 00:00:00,2026-01-19 00:00:00,2027-03-16 00:00:00,401210
366,14302,2024-02-06 00:00:00,2025-04-01 00:00:00,2027-03-18 00:00:00,1162770
84,3375,2021-12-02 00:00:00,2027-02-16 00:00:00,2027-03-19 00:00:00,1138850
710,27404,2026-09-26 00:00:00,2027-02-18 00:00:00,2027-03-23 00:00:00,802300
371,14519,2024-02-22 00:00:00,2027-03-05 00:00:00,2027-03-24 00:00:00,321050
138,5393,2022-05-02 00:00:00,2025-02-19 00:00:00,2027-03-24 00:00:00,125260
347,13362,2023-11-29 00:00:00,2026-01-18 00:00:00,2027-03-30 00:00:00,469400
505,19379,2025-02-11 00:00:00,2026-09-27 00:00:00,2027-04-04 00:00:00,2386500
72,3006,2021-11-05 00:00:00,2025-01-14 00:00:00,2027-04-12 00:00:00,567530
329,12983,2023-11-04 00:00:00,2026-03-16 00:00:00,2027-04-14 00:00:00,5562290
275,10329,2023-04-25 00:00:00,2023-07-05 00:00:00,2027-04-14 00:00:00,114050
85,3377,2021-12-02 00:00:00,2026-01-31 00:00:00,2027-04-18 00:00:00,812280
431,16480,2024-07-15 00:00:00,2026-09-02 00:00:00,2027-04-19 00:00:00,49210
112,4337,2022-02-10 00:00:00,2025-09-24 00:00:00,2027-04-26 00:00:00,438400
467,17995,2024-11-01 00:00:00,2025-09-11 00:00:00,2027-04-27 00:00:00,318920
418,15829,2024-05-29 00:00:00,2026-04-08 00:00:00,2027-04-28 00:00:00,245270
29,1208,2021-06-26 00:00:00,2025-12-26 00:00:00,2027-05-15 00:00:00,146080
100,3959,2022-01-13 00:00:00,2024-07-27 00:00:00,2027-05-21 00:00:00,962720
501,19269,2025-02-04 00:00:00,2026-11-23 00:00:00,2027-05-22 00:00:00,86130
96,3827,2022-01-04 00:00:00,2027-02-06 00:00:00,2027-05-25 00:00:00,1375730
183,6966,2022-08-23 00:00:00,2027-01-31 00:00:00,2027-05-31 00:00:00,798280
402,15272,2024-04-15 00:00:00,2025-12-09 00:00:00,2027-06-01 00:00:00,619660
205,7863,2022-10-28 00:00:00,2025-11-29 00:00:00,2027-06-02 00:00:00,286400
15,580,2021-05-15 00:00:00,2025-09-04 00:00:00,2027-06-02 00:00:00,103430
586,22570,2025-10-08 00:00:00,2026-06-03 00:00:00,2027-06-07 00:00:00,231930
476,18484,2024-12-06 00:00:00,2025-09-08 00:00:00,2027-06-08 00:00:00,1296590
624,24233,2026-02-09 00:00:00,2026-09-21 00:00:00,2027-06-11 00:00:00,70750
564,21884,2025-08-18 00:00:00,2026-07-17 00:00:00,2027-06-15 00:00:00,668050
231,8862,2023-01-09 00:00:00,2026-03-12 00:00:00,2027-06-20 00:00:00,20670
102,3970,2022-01-13 00:00:00,2027-06-08 00:00:00,2027-06-21 00:00:00,8000000
648,25070,2026-04-12 00:00:00,2026-09-29 00:00:00,2027-06-21 00:00:00,122840
120,4609,2022-03-04 00:00:00,2026-07-06 00:00:00,2027-06-28 00:00:00,318010
287,10831,2023-05-30 00:00:00,2026-02-16 00:00:00,2027-07-01 00:00:00,63210
235,8934,2023-01-14 00:00:00,2027-03-06 00:00:00,2027-07-09 00:00:00,194400
189,7204,2022-09-09 00:00:00,2025-09-07 00:00:00,2027-07-16 00:00:00,2282990
40,1613,2021-07-28 00:00:00,2022-08-17 00:00:00,2027-07-16 00:00:00,294640
659,25458,2026-05-11 00:00:00,2026-12-01 00:00:00,2027-07-17 00:00:00,150430
290,11005,2023-06-11 00:00:00,2027-02-08 00:00:00,2027-07-20 00:00:00,13570
273,10277,2023-04-21 00:00:00,2025-11-22 00:00:00,2027-07-24 00:00:00,506260
587,22580,2025-10-08 00:00:00,2027-07-21 00:00:00,2027-07-24 00:00:00,246970
344,13301,2023-11-24 00:00:00,2025-08-02 00:00:00,2027-07-26 00:00:00,296930
1,48,2021-04-04 00:00:00,2026-09-22 00:00:00,2027-07-26 00:00:00,1349620
236,8956,2023-01-16 00:00:00,2026-07-15 00:00:00,2027-07-26 00:00:00,558930
59,2425,2021-09-24 00:00:00,2026-02-07 00:00:00,2027-07-30 00:00:00,162550
388,14984,2024-03-27 00:00:00,2026-11-14 00:00:00,2027-08-04 00:00:00,180290
195,7570,2022-10-05 00:00:00,2026-07-24 00:00:00,2027-08-05 00:00:00,1325200
673,25958,2026-06-16 00:00:00,2027-02-23 00:00:00,2027-08-11 00:00:00,251220
142,5641,2022-05-21 00:00:00,2026-09-23 00:00:00,2027-08-12 00:00:00,1812770
223,8612,2022-12-24 00:00:00,2026-04-20 00:00:00,2027-08-13 00:00:00,690250
547,20926,2025-06-07 00:00:00,2027-08-16 00:00:00,2027-08-29 00:00:00,150560
295,11294,2023-07-04 00:00:00,2023-12-19 00:00:00,2027-09-02 00:00:00,29630
198,7692,2022-10-13 00:00:00,2027-06-04 00:00:00,2027-09-11 00:00:00,837360
136,5359,2022-04-30 00:00:00,2026-10-25 00:00:00,2027-09-12 00:00:00,4381810
516,19854,2025-03-19 00:00:00,2025-10-24 00:00:00,2027-09-16 00:00:00,778450
526,20165,2025-04-12 00:00:00,2025-12-28 00:00:00,2027-09-22 00:00:00,524430
56,2218,2021-09-09 00:00:00,2026-08-06 00:00:00,2027-09-30 00:00:00,178540
125,4842,2022-03-20 00:00:00,2026-11-25 00:00:00,2027-09-30 00:00:00,22420
148,5892,2022-06-08 00:00:00,2027-09-02 00:00:00,2027-10-01 00:00:00,69610
101,3960,2022-01-13 00:00:00,2025-11-29 00:00:00,2027-10-02 00:00:00,59070
123,4786,2022-03-16 00:00:00,2026-08-18 00:00:00,2027-10-04 00:00:00,33600
176,6750,2022-08-08 00:00:00,2025-09-09 00:00:00,2027-10-04 00:00:00,385900
557,21428,2025-07-15 00:00:00,2027-09-20 00:00:00,2027-10-08 00:00:00,294980
41,1635,2021-07-29 00:00:00,2025-01-29 00:00:00,2027-10-10 00:00:00,201100
403,15338,2024-04-20 00:00:00,2026-06-08 00:00:00,2027-10-11 00:00:00,68250
610,23829,2026-01-09 00:00:00,2027-01-01 00:00:00,2027-10-11 00:00:00,823380
63,2581,2021-10-06 00:00:00,2027-01-27 00:00:00,2027-10-14 00:00:00,235950
369,14449,2024-02-16 00:00:00,2024-07-12 00:00:00,2027-10-14 00:00:00,967780
546,20890,2025-06-04 00:00:00,2027-04-10 00:00:00,2027-10-18 00:00:00,1122010
702,27025,2026-08-30 00:00:00,2026-12-12 00:00:00,2027-10-21 00:00:00,146600
543,20745,2025-05-25 00:00:00,2026-07-12 00:00:00,2027-10-27 00:00:00,565600
135,5243,2022-04-20 00:00:00,2026-12-04 00:00:00,2027-10-29 00:00:00,373020
444,16866,2024-08-12 00:00:00,2025-11-17 00:00:00,2027-11-05 00:00:00,2511660
628,24333,2026-02-16 00:00:00,2027-09-26 00:00:00,2027-11-07 00:00:00,411950
435,16616,2024-07-25 00:00:00,2026-10-31 00:00:00,2027-11-07 00:00:00,308290
65,2739,2021-10-19 00:00:00,2026-04-22 00:00:00,2027-11-08 00:00:00,782300
706,27247,2026-09-14 00:00:00,2027-05-11 00:00:00,2027-11-09 00:00:00,619770
314,12344,2023-09-17 00:00:00,2026-07-23 00:00:00,2027-11-13 00:00:00,748950
74,3151,2021-11-15 00:00:00,2025-12-12 00:00:00,2027-11-14 00:00:00,304560
637,24738,2026-03-18 00:00:00,2027-04-14 00:00:00,2027-11-17 00:00:00,51300
652,25294,2026-04-29 00:00:00,2027-02-17 00:00:00,2027-11-18 00:00:00,191010
619,24108,2026-01-30 00:00:00,2027-07-08 00:00:00,2027-11-19 00:00:00,195830
575,22221,2025-09-11 00:00:00,2025-12-10 00:00:00,2027-11-20 00:00:00,57990
392,15107,2024-04-06 00:00:00,2026-05-13 00:00:00,2027-11-21 00:00:00,393530
397,15208,2024-04-13 00:00:00,2027-03-31 00:00:00,2027-11-25 00:00:00,180820
683,26377,2026-07-15 00:00:00,2027-05-18 00:00:00,2027-11-26 00:00:00,57340
246,9303,2023-02-10 00:00:00,2025-04-16 00:00:00,2027-11-29 00:00:00,242820
495,19146,2025-01-26 00:00:00,2027-07-17 00:00:00,2027-12-03 00:00:00,267470
331,13083,2023-11-11 00:00:00,2027-05-16 00:00:00,2027-12-05 00:00:00,435270
159,6163,2022-06-28 00:00:00,2027-02-26 00:00:00,2027-12-06 00:00:00,373910
361,14023,2024-01-15 00:00:00,2026-05-31 00:00:00,2027-12-11 00:00:00,455420
615,23985,2026-01-20 00:00:00,2027-08-07 00:00:00,2027-12-14 00:00:00,612730
227,8727,2022-12-31 00:00:00,2026-02-12 00:00:00,2027-12-19 00:00:00,1854630
665,25705,2026-05-28 00:00:00,2026-11-19 00:00:00,2027-12-20 00:00:00,74660
247,9365,2023-02-15 00:00:00,2026-11-19 00:00:00,2027-12-25 00:00:00,146370
487,18910,2025-01-07 00:00:00,2026-05-15 00:00:00,2027-12-28 00:00:00,546400
553,21205,2025-06-28 00:00:00,2026-12-16 00:00:00,2028-01-01 00:00:00,919530
106,4067,2022-01-21 00:00:00,2027-04-29 00:00:00,2028-01-02 00:00:00,188440
220,8474,2022-12-15 00:00:00,2026-07-01 00:00:00,2028-01-07 00:00:00,538790
419,15886,2024-06-04 00:00:00,2027-07-29 00:00:00,2028-01-10 00:00:00,136460
107,4114,2022-01-24 00:00:00,2026-11-15 00:00:00,2028-01-13 00:00:00,550320
391,15062,2024-04-03 00:00:00,2026-10-14 00:00:00,2028-01-13 00:00:00,753470
651,25287,2026-04-28 00:00:00,2027-07-02 00:00:00,2028-01-18 00:00:00,164110
23,839,2021-06-01 00:00:00,2026-04-28 00:00:00,2028-01-18 00:00:00,389760
201,7748,2022-10-19 00:00:00,2024-05-07 00:00:00,2028-01-19 00:00:00,199310
261,9870,2023-03-23 00:00:00,2027-11-17 00:00:00,2028-01-25 00:00:00,444280
211,8335,2022-12-04 00:00:00,2026-08-13 00:00:00,2028-01-26 00:00:00,265700
323,12688,2023-10-13 00:00:00,2026-09-09 00:00:00,2028-01-26 00:00:00,1062550
582,22413,2025-09-25 00:00:00,2027-04-05 00:00:00,2028-01-30 00:00:00,97570
113,4340,2022-02-10 00:00:00,2027-07-30 00:00:00,2028-02-10 00:00:00,253190
622,24162,2026-02-03 00:00:00,2027-11-08 00:00:00,2028-02-14 00:00:00,317470
682,26285,2026-07-09 00:00:00,2027-07-27 00:00:00,2028-02-15 00:00:00,415120
425,16251,2024-06-30 00:00:00,2027-08-26 00:00:00,2028-02-17 00:00:00,195460
579,22368,2025-09-22 00:00:00,2026-12-16 00:00:00,2028-02-21 00:00:00,451710
340,13219,2023-11-18 00:00:00,2026-06-30 00:00:00,2028-02-23 00:00:00,1421230
469,18136,2024-11-12 00:00:00,2028-01-28 00:00:00,2028-02-25 00:00:00,222820
370,14510,2024-02-21 00:00:00,2027-10-04 00:00:00,2028-03-07 00:00:00,44780
153,6046,2022-06-19 00:00:00,2027-01-06 00:00:00,2028-03-08 00:00:00,1483530
519,19969,2025-03-28 00:00:00,2027-12-05 00:00:00,2028-03-09 00:00:00,870220
122,4650,2022-03-07 00:00:00,2026-03-26 00:00:00,2028-03-10 00:00:00,106510
351,13594,2023-12-16 00:00:00,2026-08-29 00:00:00,2028-03-12 00:00:00,59620
708,27261,2026-09-16 00:00:00,2028-01-03 00:00:00,2028-03-12 00:00:00,27130
259,9718,2023-03-13 00:00:00,2026-04-03 00:00:00,2028-03-14 00:00:00,174590
253,9486,2023-02-23 00:00:00,2023-12-04 00:00:00,2028-03-16 00:00:00,1057320
590,22866,2025-10-29 00:00:00,2026-03-26 00:00:00,2028-03-16 00:00:00,369860
712,27489,2026-10-03 00:00:00,2027-02-18 00:00:00,2028-03-17 00:00:00,110830
184,6971,2022-08-24 00:00:00,2026-07-13 00:00:00,2028-03-19 00:00:00,632090
454,17174,2024-09-03 00:00:00,2027-07-05 00:00:00,2028-03-29 00:00:00,1085490
143,5700,2022-05-24 00:00:00,2026-06-26 00:00:00,2028-03-30 00:00:00,381590
204,7795,2022-10-23 00:00:00,2024-10-16 00:00:00,2028-04-04 00:00:00,1095460
676,26036,2026-06-21 00:00:00,2027-09-08 00:00:00,2028-04-05 00:00:00,204400
364,14185,2024-01-28 00:00:00,2026-10-25 00:00:00,2028-04-07 00:00:00,213450
368,14395,2024-02-12 00:00:00,2027-04-28 00:00:00,2028-04-11 00:00:00,1291960
406,15375,2024-04-23 00:00:00,2028-02-16 00:00:00,2028-04-21 00:00:00,90700
398,15238,2024-04-14 00:00:00,2027-01-31 00:00:00,2028-04-24 00:00:00,271800
182,6941,2022-08-21 00:00:00,2027-10-17 00:00:00,2028-04-24 00:00:00,498030
116,4370,2022-02-12 00:00:00,2023-05-01 00:00:00,2028-04-25 00:00:00,826800
456,17282,2024-09-11 00:00:00,2027-08-17 00:00:00,2028-05-01 00:00:00,174610
581,22394,2025-09-24 00:00:00,2027-02-03 00:00:00,2028-05-02 00:00:00,588860
536,20587,2025-05-13 00:00:00,2027-04-27 00:00:00,2028-05-05 00:00:00,700380
187,7133,2022-09-03 00:00:00,2027-09-14 00:00:00,2028-05-08 00:00:00,1120180
269,10112,2023-04-08 00:00:00,2027-07-27 00:00:00,2028-05-09 00:00:00,218530
605,23578,2025-12-23 00:00:00,2027-03-11 00:00:00,2028-05-13 00:00:00,1620150
537,20612,2025-05-15 00:00:00,2028-05-15 00:00:00,2028-05-15 00:00:00,62010
621,24161,2026-02-03 00:00:00,2027-05-15 00:00:00,2028-05-16 00:00:00,118680
172,6626,2022-07-31 00:00:00,2027-07-20 00:00:00,2028-05-18 00:00:00,90810
158,6161,2022-06-28 00:00:00,2025-03-28 00:00:00,2028-05-18 00:00:00,442500
428,16420,2024-07-11 00:00:00,2027-08-28 00:00:00,2028-05-22 00:00:00,1591640
26,949,2021-06-09 00:00:00,2024-08-29 00:00:00,2028-06-01 00:00:00,421510
493,19113,2025-01-23 00:00:00,2027-09-16 00:00:00,2028-06-04 00:00:00,503290
265,10048,2023-04-04 00:00:00,2027-12-09 00:00:00,2028-06-05 00:00:00,722570
437,16653,2024-07-27 00:00:00,2027-10-14 00:00:00,2028-06-06 00:00:00,2370400
713,27546,2026-10-07 00:00:00,2027-06-28 00:00:00,2028-06-08 00:00:00,342450
32,1381,2021-07-09 00:00:00,2025-05-27 00:00:00,2028-06-19 00:00:00,191120
264,9997,2023-04-01 00:00:00,2027-10-13 00:00:00,2028-06-28 00:00:00,359960
393,15137,2024-04-08 00:00:00,2025-12-20 00:00:00,2028-07-01 00:00:00,119360
670,25863,2026-06-09 00:00:00,2028-02-22 00:00:00,2028-07-05 00:00:00,41510
134,5223,2022-04-18 00:00:00,2026-09-03 00:00:00,2028-07-07 00:00:00,314200
367,14377,2024-02-11 00:00:00,2026-11-19 00:00:00,2028-07-08 00:00:00,174710
270,10206,2023-04-16 00:00:00,2027-07-14 00:00:00,2028-07-10 00:00:00,311330
321,12609,2023-10-08 00:00:00,2026-07-18 00:00:00,2028-07-13 00:00:00,132740
304,11762,2023-08-07 00:00:00,2027-03-27 00:00:00,2028-07-14 00:00:00,289140
320,12586,2023-10-06 00:00:00,2027-09-25 00:00:00,2028-07-16 00:00:00,197580
436,16633,2024-07-26 00:00:00,2027-02-22 00:00:00,2028-07-17 00:00:00,399590
492,19090,2025-01-22 00:00:00,2025-09-18 00:00:00,2028-07-19 00:00:00,410350
44,1750,2021-08-07 00:00:00,2027-01-07 00:00:00,2028-07-23 00:00:00,238160
457,17300,2024-09-12 00:00:00,2027-11-22 00:00:00,2028-07-23 00:00:00,1168190
559,21518,2025-07-22 00:00:00,2028-03-13 00:00:00,2028-07-29 00:00:00,1363710
475,18471,2024-12-05 00:00:00,2026-08-13 00:00:00,2028-07-30 00:00:00,1014300
633,24699,2026-03-16 00:00:00,2027-01-29 00:00:00,2028-08-01 00:00:00,243080
301,11605,2023-07-26 00:00:00,2026-09-25 00:00:00,2028-08-02 00:00:00,412430
377,14739,2024-03-09 00:00:00,2025-12-05 00:00:00,2028-08-04 00:00:00,133130
288,10843,2023-05-31 00:00:00,2027-04-03 00:00:00,2028-08-08 00:00:00,506510
238,9054,2023-01-23 00:00:00,2024-06-30 00:00:00,2028-08-09 00:00:00,1180520
639,24831,2026-03-25 00:00:00,2027-08-18 00:00:00,2028-08-10 00:00:00,282940
646,25005,2026-04-08 00:00:00,2027-02-02 00:00:00,2028-08-12 00:00:00,3314080
296,11406,2023-07-12 00:00:00,2027-08-20 00:00:00,2028-08-16 00:00:00,683680
58,2393,2021-09-22 00:00:00,2026-10-29 00:00:00,2028-08-29 00:00:00,435120
306,11941,2023-08-17 00:00:00,2028-06-05 00:00:00,2028-08-29 00:00:00,119460
336,13134,2023-11-14 00:00:00,2025-05-25 00:00:00,2028-08-30 00:00:00,209780
277,10399,2023-04-30 00:00:00,2026-08-17 00:00:00,2028-08-31 00:00:00,348470
375,14606,2024-02-28 00:00:00,2027-01-18 00:00:00,2028-08-31 00:00:00,423760
177,6779,2022-08-09 00:00:00,2027-11-22 00:00:00,2028-09-02 00:00:00,670570
422,16145,2024-06-24 00:00:00,2027-03-06 00:00:00,2028-09-05 00:00:00,302950
90,3561,2021-12-14 00:00:00,2026-08-28 00:00:00,2028-09-10 00:00:00,29430
511,19659,2025-03-04 00:00:00,2027-03-08 00:00:00,2028-09-10 00:00:00,191480
16,598,2021-05-17 00:00:00,2026-07-03 00:00:00,2028-09-13 00:00:00,357970
689,26642,2026-08-01 00:00:00,2028-05-14 00:00:00,2028-09-13 00:00:00,1630910
50,1921,2021-08-19 00:00:00,2026-12-16 00:00:00,2028-09-14 00:00:00,1620560
300,11598,2023-07-26 00:00:00,2027-07-09 00:00:00,2028-09-16 00:00:00,129950
386,14960,2024-03-26 00:00:00,2028-03-27 00:00:00,2028-09-21 00:00:00,1017180
671,25892,2026-06-11 00:00:00,2027-08-21 00:00:00,2028-09-28 00:00:00,122050
535,20505,2025-05-07 00:00:00,2026-12-31 00:00:00,2028-09-29 00:00:00,177220
164,6460,2022-07-20 00:00:00,2025-04-18 00:00:00,2028-09-29 00:00:00,315660
39,1592,2021-07-27 00:00:00,2025-05-17 00:00:00,2028-09-30 00:00:00,341820
379,14852,2024-03-19 00:00:00,2027-12-11 00:00:00,2028-10-01 00:00:00,382180
717,27678,2026-10-16 00:00:00,2028-04-13 00:00:00,2028-10-10 00:00:00,824040
584,22480,2025-10-01 00:00:00,2026-12-26 00:00:00,2028-10-13 00:00:00,76100
42,1678,2021-08-01 00:00:00,2024-10-28 00:00:00,2028-10-17 00:00:00,194990
500,19258,2025-02-03 00:00:00,2027-05-17 00:00:00,2028-10-28 00:00:00,248980
330,13039,2023-11-08 00:00:00,2028-03-17 00:00:00,2028-10-30 00:00:00,289630
565,21898,2025-08-19 00:00:00,2028-09-13 00:00:00,2028-11-03 00:00:00,2349700
423,16213,2024-06-27 00:00:00,2026-10-30 00:00:00,2028-11-09 00:00:00,432970
453,17161,2024-09-02 00:00:00,2027-01-31 00:00:00,2028-11-11 00:00:00,155930
268,10088,2023-04-06 00:00:00,2027-10-11 00:00:00,2028-11-13 00:00:00,937910
474,18422,2024-12-02 00:00:00,2028-01-20 00:00:00,2028-11-14 00:00:00,1623330
607,23776,2026-01-05 00:00:00,2027-11-21 00:00:00,2028-11-15 00:00:00,156840
439,16701,2024-07-31 00:00:00,2028-05-20 00:00:00,2028-11-17 00:00:00,1376670
335,13129,2023-11-13 00:00:00,2028-09-29 00:00:00,2028-11-17 00:00:00,322440
655,25338,2026-05-03 00:00:00,2027-07-26 00:00:00,2028-11-21 00:00:00,2282860
731,28292,2026-12-01 00:00:00,2028-08-06 00:00:00,2028-11-23 00:00:00,350420
660,25461,2026-05-11 00:00:00,2028-04-08 00:00:00,2028-11-25 00:00:00,893120
653,25326,2026-05-01 00:00:00,2027-09-14 00:00:00,2028-11-26 00:00:00,6541820
440,16723,2024-08-01 00:00:00,2027-12-23 00:00:00,2028-11-27 00:00:00,265450
540,20657,2025-05-18 00:00:00,2026-12-17 00:00:00,2028-12-02 00:00:00,1727560
594,23063,2025-11-13 00:00:00,2028-05-29 00:00:00,2028-12-05 00:00:00,495000
5,137,2021-04-12 00:00:00,2025-03-06 00:00:00,2028-12-06 00:00:00,732770
161,6343,2022-07-11 00:00:00,2027-03-15 00:00:00,2028-12-15 00:00:00,149930
705,27140,2026-09-07 00:00:00,2028-11-26 00:00:00,2028-12-15 00:00:00,316520
525,20161,2025-04-12 00:00:00,2028-03-01 00:00:00,2028-12-19 00:00:00,879300
241,9220,2023-02-03 00:00:00,2028-01-24 00:00:00,2028-12-23 00:00:00,44380
390,15018,2024-03-30 00:00:00,2027-03-25 00:00:00,2028-12-25 00:00:00,186720
384,14913,2024-03-23 00:00:00,2027-06-20 00:00:00,2028-12-27 00:00:00,108150
451,17124,2024-08-31 00:00:00,2028-07-13 00:00:00,2028-12-30 00:00:00,233360
324,12695,2023-10-14 00:00:00,2024-11-29 00:00:00,2029-01-20 00:00:00,225260
442,16827,2024-08-09 00:00:00,2027-06-22 00:00:00,2029-01-25 00:00:00,1315630
334,13128,2023-11-13 00:00:00,2028-09-26 00:00:00,2029-01-30 00:00:00,804660
424,16215,2024-06-28 00:00:00,2028-11-13 00:00:00,2029-02-01 00:00:00,394100
244,9278,2023-02-08 00:00:00,2027-12-17 00:00:00,2029-02-01 00:00:00,6729900
266,10053,2023-04-04 00:00:00,2027-05-18 00:00:00,2029-02-02 00:00:00,777430
636,24711,2026-03-17 00:00:00,2028-04-24 00:00:00,2029-02-04 00:00:00,1393080
353,13664,2023-12-20 00:00:00,2028-04-12 00:00:00,2029-02-04 00:00:00,307480
664,25670,2026-05-25 00:00:00,2027-03-27 00:00:00,2029-02-09 00:00:00,107380
389,14986,2024-03-27 00:00:00,2028-07-23 00:00:00,2029-02-23 00:00:00,154940
251,9439,2023-02-20 00:00:00,2027-12-15 00:00:00,2029-02-24 00:00:00,382150
657,25405,2026-05-07 00:00:00,2028-06-18 00:00:00,2029-02-27 00:00:00,122130
450,17098,2024-08-29 00:00:00,2024-11-07 00:00:00,2029-03-02 00:00:00,142750
687,26579,2026-07-28 00:00:00,2028-11-20 00:00:00,2029-03-19 00:00:00,22600
209,8237,2022-11-26 00:00:00,2028-03-21 00:00:00,2029-03-23 00:00:00,370730
720,27923,2026-11-05 00:00:00,2027-10-17 00:00:00,2029-03-24 00:00:00,581700
728,28172,2026-11-22 00:00:00,2027-04-18 00:00:00,2029-03-24 00:00:00,81420
561,21562,2025-07-24 00:00:00,2027-05-05 00:00:00,2029-03-24 00:00:00,1015400
737,28439,2026-12-11 00:00:00,2028-05-20 00:00:00,2029-03-25 00:00:00,126980
338,13176,2023-11-16 00:00:00,2028-02-12 00:00:00,2029-03-26 00:00:00,170260
349,13493,2023-12-09 00:00:00,2027-07-12 00:00:00,2029-03-28 00:00:00,43360
206,7942,2022-11-03 00:00:00,2025-02-16 00:00:00,2029-03-30 00:00:00,91440
109,4211,2022-01-31 00:00:00,2025-08-02 00:00:00,2029-03-31 00:00:00,339100
373,14579,2024-02-26 00:00:00,2028-04-16 00:00:00,2029-04-03 00:00:00,88040
43,1685,2021-08-02 00:00:00,2024-11-24 00:00:00,2029-04-12 00:00:00,1861790
232,8880,2023-01-10 00:00:00,2028-05-11 00:00:00,2029-04-18 00:00:00,799250
577,22231,2025-09-13 00:00:00,2028-10-20 00:00:00,2029-04-20 00:00:00,310050
192,7459,2022-09-27 00:00:00,2026-03-25 00:00:00,2029-04-24 00:00:00,971960
260,9792,2023-03-18 00:00:00,2027-10-04 00:00:00,2029-04-30 00:00:00,495400
191,7308,2022-09-17 00:00:00,2027-10-02 00:00:00,2029-05-01 00:00:00,55450
229,8786,2023-01-05 00:00:00,2028-04-14 00:00:00,2029-05-04 00:00:00,77130
396,15188,2024-04-11 00:00:00,2027-08-30 00:00:00,2029-05-10 00:00:00,138260
541,20659,2025-05-19 00:00:00,2026-06-15 00:00:00,2029-05-11 00:00:00,1095790
491,19079,2025-01-21 00:00:00,2027-09-17 00:00:00,2029-05-12 00:00:00,148430
252,9465,2023-02-22 00:00:00,2027-02-26 00:00:00,2029-05-13 00:00:00,592580
452,17128,2024-08-31 00:00:00,2028-10-09 00:00:00,2029-05-16 00:00:00,123830
675,25975,2026-06-17 00:00:00,2029-03-27 00:00:00,2029-05-17 00:00:00,29000
685,26549,2026-07-26 00:00:00,2027-06-20 00:00:00,2029-05-24 00:00:00,1079210
394,15141,2024-04-08 00:00:00,2027-08-25 00:00:00,2029-05-25 00:00:00,93920
528,20256,2025-04-19 00:00:00,2027-08-31 00:00:00,2029-05-25 00:00:00,98790
662,25487,2026-05-13 00:00:00,2027-12-01 00:00:00,2029-05-26 00:00:00,52160
271,10219,2023-04-17 00:00:00,2028-07-30 00:00:00,2029-05-27 00:00:00,367950
499,19227,2025-02-01 00:00:00,2027-07-09 00:00:00,2029-05-27 00:00:00,800410
562,21792,2025-08-11 00:00:00,2028-03-10 00:00:00,2029-05-28 00:00:00,275310
503,19336,2025-02-08 00:00:00,2028-12-17 00:00:00,2029-06-04 00:00:00,144290
634,24706,2026-03-17 00:00:00,2029-04-05 00:00:00,2029-06-07 00:00:00,28030
574,22202,2025-09-10 00:00:00,2028-01-11 00:00:00,2029-06-09 00:00:00,126340
339,13177,2023-11-16 00:00:00,2028-03-28 00:00:00,2029-06-13 00:00:00,1391650
411,15619,2024-05-13 00:00:00,2025-09-08 00:00:00,2029-06-19 00:00:00,427010
415,15820,2024-05-29 00:00:00,2025-04-14 00:00:00,2029-06-21 00:00:00,350080
193,7500,2022-09-30 00:00:00,2028-01-29 00:00:00,2029-06-21 00:00:00,589810
471,18315,2024-11-25 00:00:00,2028-09-20 00:00:00,2029-07-01 00:00:00,539090
383,14909,2024-03-22 00:00:00,2027-09-07 00:00:00,2029-07-03 00:00:00,721850
508,19438,2025-02-15 00:00:00,2029-01-16 00:00:00,2029-07-04 00:00:00,300850
311,12098,2023-08-30 00:00:00,2028-12-09 00:00:00,2029-07-08 00:00:00,165870
583,22446,2025-09-28 00:00:00,2029-05-08 00:00:00,2029-07-08 00:00:00,322910
358,13813,2023-12-30 00:00:00,2025-01-13 00:00:00,2029-07-18 00:00:00,677830
278,10412,2023-05-01 00:00:00,2028-06-10 00:00:00,2029-07-19 00:00:00,183260
539,20644,2025-05-17 00:00:00,2028-03-25 00:00:00,2029-07-20 00:00:00,236990
356,13775,2023-12-27 00:00:00,2027-12-13 00:00:00,2029-07-21 00:00:00,22930
255,9539,2023-02-27 00:00:00,2027-11-14 00:00:00,2029-07-26 00:00:00,287750
433,16497,2024-07-17 00:00:00,2029-03-03 00:00:00,2029-07-29 00:00:00,104500
598,23265,2025-11-29 00:00:00,2027-01-06 00:00:00,2029-08-02 00:00:00,355430
404,15355,2024-04-22 00:00:00,2025-02-01 00:00:00,2029-08-04 00:00:00,68470
382,14878,2024-03-21 00:00:00,2028-01-27 00:00:00,2029-08-06 00:00:00,126170
280,10504,2023-05-07 00:00:00,2027-12-25 00:00:00,2029-08-24 00:00:00,374560
616,23988,2026-01-21 00:00:00,2028-12-16 00:00:00,2029-08-31 00:00:00,339520
38,1589,2021-07-26 00:00:00,2026-01-15 00:00:00,2029-09-03 00:00:00,315790
466,17913,2024-10-24 00:00:00,2028-07-30 00:00:00,2029-09-08 00:00:00,1517760
226,8661,2022-12-27 00:00:00,2026-09-25 00:00:00,2029-09-12 00:00:00,535500
585,22498,2025-10-02 00:00:00,2028-10-10 00:00:00,2029-09-20 00:00:00,5995780
294,11283,2023-07-03 00:00:00,2028-08-13 00:00:00,2029-09-22 00:00:00,775920
387,14979,2024-03-27 00:00:00,2026-01-28 00:00:00,2029-09-27 00:00:00,1357350
245,9293,2023-02-10 00:00:00,2027-09-01 00:00:00,2029-09-27 00:00:00,261800
716,27660,2026-10-15 00:00:00,2027-12-23 00:00:00,2029-10-03 00:00:00,288470
531,20344,2025-04-26 00:00:00,2028-09-02 00:00:00,2029-10-07 00:00:00,1281290
438,16660,2024-07-28 00:00:00,2029-06-10 00:00:00,2029-10-09 00:00:00,33890
697,26922,2026-08-22 00:00:00,2028-02-11 00:00:00,2029-10-16 00:00:00,3555650
576,22225,2025-09-12 00:00:00,2028-07-06 00:00:00,2029-11-03 00:00:00,273370
202,7775,2022-10-21 00:00:00,2027-07-17 00:00:00,2029-11-06 00:00:00,297390
426,16258,2024-07-01 00:00:00,2028-12-12 00:00:00,2029-11-10 00:00:00,126890
285,10759,2023-05-25 00:00:00,2027-12-27 00:00:00,2029-11-15 00:00:00,440080
479,18579,2024-12-14 00:00:00,2027-12-21 00:00:00,2029-11-20 00:00:00,1818840
395,15181,2024-04-11 00:00:00,2028-09-10 00:00:00,2029-11-29 00:00:00,347640
678,26117,2026-06-26 00:00:00,2028-05-05 00:00:00,2029-12-02 00:00:00,2416570
554,21232,2025-07-01 00:00:00,2028-04-22 00:00:00,2029-12-10 00:00:00,283380
739,28532,2026-12-18 00:00:00,2029-02-24 00:00:00,2029-12-11 00:00:00,820430
567,21974,2025-08-25 00:00:00,2028-11-18 00:00:00,2029-12-12 00:00:00,3788130
609,23792,2026-01-06 00:00:00,2029-09-22 00:00:00,2029-12-14 00:00:00,212700
215,8384,2022-12-08 00:00:00,2025-11-24 00:00:00,2029-12-15 00:00:00,481950
497,19202,2025-01-30 00:00:00,2028-06-30 00:00:00,2029-12-27 00:00:00,97690
272,10264,2023-04-20 00:00:00,2028-06-24 00:00:00,2029-12-30 00:00:00,31040
520,19973,2025-03-28 00:00:00,2028-12-06 00:00:00,2030-01-01 00:00:00,185030
580,22374,2025-09-22 00:00:00,2029-12-26 00:00:00,2030-01-02 00:00:00,1247740
489,19053,2025-01-19 00:00:00,2029-03-31 00:00:00,2030-01-02 00:00:00,2971160
721,27927,2026-11-05 00:00:00,2029-06-23 00:00:00,2030-01-02 00:00:00,406010
555,21324,2025-07-06 00:00:00,2029-08-08 00:00:00,2030-01-13 00:00:00,1729800
738,28484,2026-12-15 00:00:00,2030-01-02 00:00:00,2030-01-20 00:00:00,154750
593,23020,2025-11-11 00:00:00,2028-10-18 00:00:00,2030-01-26 00:00:00,301530
647,25006,2026-04-08 00:00:00,2027-01-20 00:00:00,2030-01-28 00:00:00,1433470
432,16486,2024-07-16 00:00:00,2028-03-25 00:00:00,2030-02-04 00:00:00,1681580
477,18513,2024-12-08 00:00:00,2028-10-03 00:00:00,2030-02-14 00:00:00,495010
597,23211,2025-11-25 00:00:00,2029-10-20 00:00:00,2030-02-20 00:00:00,51010
714,27572,2026-10-09 00:00:00,2028-03-21 00:00:00,2030-03-12 00:00:00,48770
348,13371,2023-11-30 00:00:00,2029-01-01 00:00:00,2030-03-17 00:00:00,953960
613,23915,2026-01-15 00:00:00,2028-04-08 00:00:00,2030-03-18 00:00:00,111110
715,27585,2026-10-10 00:00:00,2028-08-05 00:00:00,2030-03-23 00:00:00,232170
322,12670,2023-10-12 00:00:00,2027-11-12 00:00:00,2030-03-29 00:00:00,189050
677,26092,2026-06-25 00:00:00,2030-03-15 00:00:00,2030-03-29 00:00:00,5054480
117,4428,2022-02-17 00:00:00,2025-08-28 00:00:00,2030-04-05 00:00:00,234790
482,18715,2024-12-24 00:00:00,2030-02-07 00:00:00,2030-04-11 00:00:00,682160
679,26120,2026-06-27 00:00:00,2028-07-08 00:00:00,2030-04-11 00:00:00,133280
151,6038,2022-06-18 00:00:00,2027-07-24 00:00:00,2030-04-16 00:00:00,169450
690,26645,2026-08-01 00:00:00,2027-03-05 00:00:00,2030-04-17 00:00:00,125260
459,17338,2024-09-14 00:00:00,2027-08-17 00:00:00,2030-04-20 00:00:00,930750
727,28157,2026-11-21 00:00:00,2028-12-21 00:00:00,2030-04-25 00:00:00,65780
729,28187,2026-11-23 00:00:00,2026-12-30 00:00:00,2030-04-29 00:00:00,413440
521,19988,2025-03-29 00:00:00,2029-11-05 00:00:00,2030-04-29 00:00:00,556380
709,27275,2026-09-17 00:00:00,2028-07-04 00:00:00,2030-05-01 00:00:00,928760
460,17358,2024-09-16 00:00:00,2029-12-03 00:00:00,2030-05-03 00:00:00,65660
631,24549,2026-03-04 00:00:00,2027-02-17 00:00:00,2030-05-08 00:00:00,1746340
661,25483,2026-05-13 00:00:00,2030-04-13 00:00:00,2030-05-25 00:00:00,2525660
99,3932,2022-01-11 00:00:00,2026-01-01 00:00:00,2030-05-26 00:00:00,317100
734,28378,2026-12-07 00:00:00,2028-07-13 00:00:00,2030-05-29 00:00:00,266730
350,13554,2023-12-13 00:00:00,2029-05-20 00:00:00,2030-06-22 00:00:00,302910
617,24018,2026-01-23 00:00:00,2029-07-03 00:00:00,2030-06-26 00:00:00,2767160
630,24426,2026-02-24 00:00:00,2029-09-03 00:00:00,2030-07-17 00:00:00,242780
413,15792,2024-05-26 00:00:00,2028-01-02 00:00:00,2030-07-17 00:00:00,176950
533,20398,2025-04-30 00:00:00,2030-01-13 00:00:00,2030-07-25 00:00:00,1252900
588,22809,2025-10-25 00:00:00,2029-05-01 00:00:00,2030-07-28 00:00:00,486940
684,26508,2026-07-23 00:00:00,2030-02-04 00:00:00,2030-08-01 00:00:00,1168710
538,20626,2025-05-16 00:00:00,2029-04-26 00:00:00,2030-08-04 00:00:00,415490
486,18858,2025-01-03 00:00:00,2030-06-24 00:00:00,2030-08-08 00:00:00,384990
626,24295,2026-02-13 00:00:00,2028-12-16 00:00:00,2030-08-11 00:00:00,444420
658,25429,2026-05-09 00:00:00,2028-12-08 00:00:00,2030-08-13 00:00:00,73970
484,18758,2024-12-27 00:00:00,2027-03-02 00:00:00,2030-08-22 00:00:00,1126780
354,13665,2023-12-20 00:00:00,2026-09-08 00:00:00,2030-09-03 00:00:00,7019280
614,23980,2026-01-20 00:00:00,2030-05-16 00:00:00,2030-09-03 00:00:00,741860
461,17392,2024-09-18 00:00:00,2029-03-31 00:00:00,2030-09-07 00:00:00,155020
573,22192,2025-09-10 00:00:00,2027-10-19 00:00:00,2030-09-07 00:00:00,188690
506,19387,2025-02-11 00:00:00,2029-09-18 00:00:00,2030-09-22 00:00:00,75440
649,25141,2026-04-18 00:00:00,2029-10-25 00:00:00,2030-09-23 00:00:00,450480
733,28330,2026-12-04 00:00:00,2030-07-19 00:00:00,2030-09-25 00:00:00,2089210
643,24912,2026-04-01 00:00:00,2029-11-09 00:00:00,2030-09-28 00:00:00,197940
552,21110,2025-06-21 00:00:00,2030-07-26 00:00:00,2030-10-15 00:00:00,511820
701,27021,2026-08-30 00:00:00,2029-10-08 00:00:00,2030-10-18 00:00:00,103170
434,16519,2024-07-18 00:00:00,2029-01-10 00:00:00,2030-10-18 00:00:00,2462480
688,26628,2026-07-31 00:00:00,2029-01-08 00:00:00,2030-10-20 00:00:00,55460
694,26738,2026-08-08 00:00:00,2029-09-10 00:00:00,2030-11-22 00:00:00,49620
512,19718,2025-03-09 00:00:00,2030-05-23 00:00:00,2030-11-22 00:00:00,301360
305,11871,2023-08-13 00:00:00,2026-11-30 00:00:00,2030-11-25 00:00:00,48660
681,26253,2026-07-06 00:00:00,2029-11-17 00:00:00,2030-11-25 00:00:00,3022500
414,15799,2024-05-26 00:00:00,2029-11-02 00:00:00,2030-11-30 00:00:00,580790
517,19873,2025-03-20 00:00:00,2030-02-01 00:00:00,2030-12-03 00:00:00,3637500
591,22907,2025-11-01 00:00:00,2030-03-20 00:00:00,2030-12-06 00:00:00,79560
445,16903,2024-08-14 00:00:00,2029-05-06 00:00:00,2030-12-08 00:00:00,160840
596,23129,2025-11-19 00:00:00,2029-12-20 00:00:00,2030-12-15 00:00:00,32150
558,21441,2025-07-16 00:00:00,2026-04-07 00:00:00,2030-12-20 00:00:00,294290
78,3252,2021-11-24 00:00:00,2027-01-27 00:00:00,2030-12-20 00:00:00,203630
603,23563,2025-12-22 00:00:00,2030-05-28 00:00:00,2030-12-21 00:00:00,213100
307,11945,2023-08-17 00:00:00,2026-07-12 00:00:00,2030-12-31 00:00:00,288460
407,15383,2024-04-24 00:00:00,2029-02-21 00:00:00,2031-01-10 00:00:00,6540630
515,19835,2025-03-17 00:00:00,2029-10-29 00:00:00,2031-01-14 00:00:00,303980
638,24752,2026-03-20 00:00:00,2030-11-14 00:00:00,2031-01-15 00:00:00,807530
718,27738,2026-10-20 00:00:00,2030-09-24 00:00:00,2031-01-17 00:00:00,145400
566,21955,2025-08-24 00:00:00,2030-04-01 00:00:00,2031-02-05 00:00:00,119040
64,2599,2021-10-07 00:00:00,2027-03-19 00:00:00,2031-02-23 00:00:00,263220
542,20677,2025-05-20 00:00:00,2030-07-08 00:00:00,2031-02-25 00:00:00,420740
700,26993,2026-08-27 00:00:00,2029-02-27 00:00:00,2031-02-25 00:00:00,251730
640,24869,2026-03-28 00:00:00,2031-02-21 00:00:00,2031-03-01 00:00:00,337770
571,22181,2025-09-09 00:00:00,2030-01-17 00:00:00,2031-03-02 00:00:00,298430
703,27079,2026-09-03 00:00:00,2029-09-22 00:00:00,2031-03-09 00:00:00,157520
401,15270,2024-04-15 00:00:00,2026-03-27 00:00:00,2031-03-09 00:00:00,81570
618,24022,2026-01-23 00:00:00,2030-11-20 00:00:00,2031-03-18 00:00:00,328350
465,17861,2024-10-21 00:00:00,2030-03-31 00:00:00,2031-03-22 00:00:00,249590
524,20144,2025-04-11 00:00:00,2026-10-07 00:00:00,2031-03-27 00:00:00,701530
645,24990,2026-04-07 00:00:00,2026-10-30 00:00:00,2031-03-31 00:00:00,46720
699,26982,2026-08-26 00:00:00,2030-08-20 00:00:00,2031-04-06 00:00:00,79640
604,23564,2025-12-22 00:00:00,2030-06-05 00:00:00,2031-04-07 00:00:00,1553200
563,21799,2025-08-11 00:00:00,2028-11-01 00:00:00,2031-04-30 00:00:00,21560
611,23840,2026-01-10 00:00:00,2027-02-25 00:00:00,2031-05-01 00:00:00,176710
572,22190,2025-09-10 00:00:00,2026-12-28 00:00:00,2031-05-02 00:00:00,17490
680,26177,2026-07-01 00:00:00,2028-08-17 00:00:00,2031-05-10 00:00:00,153300
464,17482,2024-09-25 00:00:00,2029-10-22 00:00:00,2031-05-12 00:00:00,132130
732,28326,2026-12-04 00:00:00,2030-02-01 00:00:00,2031-06-05 00:00:00,381950
544,20786,2025-05-27 00:00:00,2029-06-22 00:00:00,2031-06-06 00:00:00,386910
578,22278,2025-09-16 00:00:00,2030-06-09 00:00:00,2031-06-08 00:00:00,1545720
695,26783,2026-08-11 00:00:00,2030-06-17 00:00:00,2031-06-09 00:00:00,41430
741,28684,2026-12-29 00:00:00,2031-03-06 00:00:00,2031-06-12 00:00:00,1132600
691,26669,2026-08-03 00:00:00,2029-08-21 00:00:00,2031-06-12 00:00:00,1965960
686,26554,2026-07-26 00:00:00,2030-11-26 00:00:00,2031-06-26 00:00:00,869600
548,20955,2025-06-10 00:00:00,2030-05-20 00:00:00,2031-06-28 00:00:00,74790
620,24116,2026-01-31 00:00:00,2027-06-15 00:00:00,2031-07-13 00:00:00,247660
462,17403,2024-09-19 00:00:00,2029-12-17 00:00:00,2031-07-18 00:00:00,112770
472,18326,2024-11-26 00:00:00,2026-11-21 00:00:00,2031-07-25 00:00:00,62420
601,23397,2025-12-10 00:00:00,2030-04-24 00:00:00,2031-07-26 00:00:00,424530
480,18675,2024-12-21 00:00:00,2028-12-22 00:00:00,2031-08-02 00:00:00,698570
632,24698,2026-03-16 00:00:00,2030-03-03 00:00:00,2031-08-11 00:00:00,1466920
498,19206,2025-01-30 00:00:00,2030-07-10 00:00:00,2031-08-15 00:00:00,135780
592,22934,2025-11-03 00:00:00,2029-11-06 00:00:00,2031-08-25 00:00:00,54870
180,6817,2022-08-12 00:00:00,2026-11-03 00:00:00,2031-08-28 00:00:00,357260
513,19730,2025-03-10 00:00:00,2030-04-24 00:00:00,2031-09-02 00:00:00,1814230
569,22153,2025-09-07 00:00:00,2029-06-30 00:00:00,2031-09-04 00:00:00,476820
458,17306,2024-09-12 00:00:00,2030-02-01 00:00:00,2031-09-16 00:00:00,86800
494,19141,2025-01-26 00:00:00,2027-02-24 00:00:00,2031-09-22 00:00:00,1392450
514,19792,2025-03-14 00:00:00,2030-01-28 00:00:00,2031-09-23 00:00:00,458220
89,3560,2021-12-14 00:00:00,2027-04-03 00:00:00,2031-10-13 00:00:00,45790
365,14201,2024-01-29 00:00:00,2027-05-23 00:00:00,2031-10-13 00:00:00,346020
644,24975,2026-04-06 00:00:00,2030-07-23 00:00:00,2031-10-29 00:00:00,444140
549,20998,2025-06-12 00:00:00,2030-06-05 00:00:00,2031-11-11 00:00:00,3487390
532,20377,2025-04-28 00:00:00,2028-07-07 00:00:00,2031-11-17 00:00:00,251610
530,20303,2025-04-23 00:00:00,2030-03-29 00:00:00,2031-11-27 00:00:00,248430
545,20884,2025-06-03 00:00:00,2027-07-20 00:00:00,2031-12-10 00:00:00,329840
656,25375,2026-05-04 00:00:00,2028-01-01 00:00:00,2031-12-27 00:00:00,478770
735,28402,2026-12-09 00:00:00,2030-04-26 00:00:00,2032-01-05 00:00:00,1114460
550,21045,2025-06-16 00:00:00,2030-08-06 00:00:00,2032-01-11 00:00:00,286120
595,23090,2025-11-15 00:00:00,2030-06-28 00:00:00,2032-01-17 00:00:00,3859400
441,16766,2024-08-04 00:00:00,2027-07-04 00:00:00,2032-01-18 00:00:00,144230
642,24895,2026-03-30 00:00:00,2031-09-08 00:00:00,2032-01-22 00:00:00,1873950
667,25726,2026-05-29 00:00:00,2031-01-03 00:00:00,2032-02-22 00:00:00,684770
560,21543,2025-07-23 00:00:00,2029-08-19 00:00:00,2032-02-28 00:00:00,695220
663,25545,2026-05-17 00:00:00,2030-12-17 00:00:00,2032-03-27 00:00:00,898910
725,28140,2026-11-20 00:00:00,2030-08-06 00:00:00,2032-04-08 00:00:00,944600
669,25784,2026-06-03 00:00:00,2029-10-31 00:00:00,2032-04-08 00:00:00,320650
719,27831,2026-10-29 00:00:00,2031-05-25 00:00:00,2032-05-11 00:00:00,378180
608,23787,2026-01-06 00:00:00,2031-05-11 00:00:00,2032-05-25 00:00:00,478290
674,25966,2026-06-17 00:00:00,2030-11-18 00:00:00,2032-05-26 00:00:00,584400
627,24315,2026-02-15 00:00:00,2031-05-23 00:00:00,2032-06-04 00:00:00,79830
724,28134,2026-11-20 00:00:00,2031-07-17 00:00:00,2032-06-29 00:00:00,202390
527,20226,2025-04-17 00:00:00,2030-02-05 00:00:00,2032-07-08 00:00:00,60820
692,26674,2026-08-04 00:00:00,2031-05-23 00:00:00,2032-07-24 00:00:00,391800
711,27437,2026-09-28 00:00:00,2030-11-18 00:00:00,2032-07-28 00:00:00,1287610
463,17458,2024-09-23 00:00:00,2027-12-12 00:00:00,2032-08-24 00:00:00,54290
641,24873,2026-03-29 00:00:00,2031-07-18 00:00:00,2032-09-23 00:00:00,171530
522,19998,2025-03-30 00:00:00,2028-04-05 00:00:00,2032-09-29 00:00:00,130910
529,20262,2025-04-20 00:00:00,2030-08-19 00:00:00,2032-10-29 00:00:00,184980
742,28701,2026-12-30 00:00:00,2031-02-15 00:00:00,2032-11-05 00:00:00,194520
723,27947,2026-11-07 00:00:00,2031-11-07 00:00:00,2032-12-03 00:00:00,1279830
696,26814,2026-08-13 00:00:00,2031-02-26 00:00:00,2032-12-08 00:00:00,1523740
496,19191,2025-01-29 00:00:00,2028-10-14 00:00:00,2032-12-15 00:00:00,704730
693,26712,2026-08-06 00:00:00,2031-05-29 00:00:00,2032-12-18 00:00:00,4253580
599,23289,2025-12-02 00:00:00,2029-02-13 00:00:00,2033-02-10 00:00:00,1151200
507,19415,2025-02-13 00:00:00,2028-12-29 00:00:00,2033-02-17 00:00:00,1322200
374,14591,2024-02-27 00:00:00,2029-06-05 00:00:00,2033-04-18 00:00:00,308810
650,25191,2026-04-22 00:00:00,2031-05-22 00:00:00,2033-05-11 00:00:00,336200
326,12719,2023-10-16 00:00:00,2028-08-07 00:00:00,2033-05-29 00:00:00,281970
612,23843,2026-01-10 00:00:00,2031-06-29 00:00:00,2033-06-01 00:00:00,139420
740,28632,2026-12-25 00:00:00,2030-10-01 00:00:00,2033-06-28 00:00:00,352930
551,21100,2025-06-20 00:00:00,2030-12-04 00:00:00,2033-07-12 00:00:00,2505310
510,19558,2025-02-24 00:00:00,2030-08-13 00:00:00,2033-07-20 00:00:00,143300
504,19346,2025-02-09 00:00:00,2029-03-02 00:00:00,2033-08-09 00:00:00,140830
668,25769,2026-06-02 00:00:00,2030-04-15 00:00:00,2033-08-31 00:00:00,199760
625,24235,2026-02-09 00:00:00,2030-01-18 00:00:00,2033-09-05 00:00:00,2898350
736,28429,2026-12-10 00:00:00,2031-10-28 00:00:00,2033-10-02 00:00:00,625680
730,28257,2026-11-28 00:00:00,2032-03-24 00:00:00,2033-10-08 00:00:00,47570
606,23715,2026-01-01 00:00:00,2031-04-28 00:00:00,2034-02-23 00:00:00,325910
666,25722,2026-05-29 00:00:00,2031-01-22 00:00:00,2034-04-14 00:00:00,1490910
726,28151,2026-11-21 00:00:00,2030-09-25 00:00:00,2034-04-25 00:00:00,99300
468,18091,2024-11-09 00:00:00,2029-06-25 00:00:00,2034-06-15 00:00:00,133120
654,25329,2026-05-02 00:00:00,2031-08-17 00:00:00,2034-06-15 00:00:00,50770
589,22862,2025-10-28 00:00:00,2030-05-24 00:00:00,2034-07-11 00:00:00,45950
473,18366,2024-11-29 00:00:00,2029-10-24 00:00:00,2034-08-21 00:00:00,363130
509,19482,2025-02-18 00:00:00,2029-12-04 00:00:00,2034-10-14 00:00:00,199810
722,27937,2026-11-06 00:00:00,2030-07-22 00:00:00,2034-12-13 00:00:00,1229670
698,26962,2026-08-25 00:00:00,2031-05-11 00:00:00,2035-01-05 00:00:00,145960
707,27257,2026-09-15 00:00:00,2030-10-05 00:00:00,2035-09-18 00:00:00,380680
