Cancelación,Póliza,Fecha_Can,Causa
1,15807,2027-05-27 00:00:00,Solicitud
2,23228,2026-11-26 00:00:00,Solicitud
3,11822,2025-08-10 00:00:00,Falta de Pago
4,15480,2025-05-02 00:00:00,Solicitud
5,6268,2024-07-05 00:00:00,Falta de Pago
6,26516,2028-07-24 00:00:00,Solicitud
7,20945,2027-06-09 00:00:00,Falta de Pago
8,13007,2024-11-05 00:00:00,Alteración de riesgo
9,17654,2025-10-06 00:00:00,Falta de Pago
10,7585,2024-10-07 00:00:00,Falta de Pago
11,23479,2027-12-15 00:00:00,Solicitud
12,20917,2026-06-06 00:00:00,Solicitud
13,26273,2030-07-08 00:00:00,Solicitud
14,26111,2028-06-26 00:00:00,Falta de Pago
15,27358,2027-09-24 00:00:00,Solicitud
16,27548,2028-10-07 00:00:00,Solicitud
17,14665,2026-03-04 00:00:00,Falta de Pago
18,28638,2028-12-25 00:00:00,Falta de Pago
19,26051,2030-06-22 00:00:00,Solicitud
20,16856,2025-08-11 00:00:00,Falta de Pago
21,11837,2026-08-11 00:00:00,Falta de Pago
22,16912,2025-08-15 00:00:00,Falta de Pago
23,1097,2022-06-19 00:00:00,Falta de Pago
24,5203,2024-04-17 00:00:00,Solicitud
25,26951,2028-08-24 00:00:00,Solicitud
26,18630,2026-12-18 00:00:00,Solicitud
27,10606,2027-05-14 00:00:00,Falta de Pago
28,13429,2025-12-05 00:00:00,Falta de Pago
29,11466,2027-07-16 00:00:00,Falta de Pago
30,7635,2023-10-10 00:00:00,Solicitud
31,1765,2024-08-07 00:00:00,Solicitud
32,24210,2028-02-07 00:00:00,Solicitud
33,16521,2026-07-18 00:00:00,Falta de Pago
34,3654,2022-12-21 00:00:00,Falta de Pago
35,15031,2025-03-31 00:00:00,Solicitud
36,6877,2023-08-16 00:00:00,Falta de Pago
37,7124,2024-09-03 00:00:00,Falta de Pago
38,17827,2025-10-18 00:00:00,Falta de Pago
39,21242,2027-07-01 00:00:00,Falta de Pago
40,25385,2027-05-05 00:00:00,Falta de Pago
41,15501,2025-05-03 00:00:00,Solicitud
42,7504,2024-09-30 00:00:00,Falta de Pago
43,23471,2027-12-15 00:00:00,Falta de Pago
44,9928,2025-03-27 00:00:00,Falta de Pago
45,24555,2027-03-05 00:00:00,Solicitud
46,24677,2029-03-14 00:00:00,Solicitud
47,15098,2025-04-06 00:00:00,Falta de Pago
48,25793,2028-06-04 00:00:00,Falta de Pago
49,9731,2024-03-14 00:00:00,Solicitud
50,17998,2026-11-01 00:00:00,Falta de Pago
51,27832,2028-10-29 00:00:00,Falta de Pago
52,8192,2024-11-22 00:00:00,Solicitud
53,15628,2025-05-13 00:00:00,Solicitud
54,9298,2026-02-10 00:00:00,Falta de Pago
55,17632,2027-10-04 00:00:00,Solicitud
56,16631,2025-07-26 00:00:00,Falta de Pago
57,28686,2028-12-29 00:00:00,Solicitud
58,7195,2024-09-09 00:00:00,Solicitud
59,14818,2026-03-16 00:00:00,Falta de Pago
60,24641,2027-03-12 00:00:00,Falta de Pago
61,1003,2024-06-12 00:00:00,Falta de Pago
62,24549,2027-03-04 00:00:00,Falta de Pago
63,15834,2026-05-30 00:00:00,Falta de Pago
64,371,2022-05-01 00:00:00,Falta de Pago
65,26272,2027-07-08 00:00:00,Falta de Pago
66,4298,2026-02-07 00:00:00,Solicitud
67,7540,2023-10-03 00:00:00,Solicitud
68,13838,2026-01-01 00:00:00,Falta de Pago
69,22050,2028-08-31 00:00:00,Solicitud
70,1496,2022-07-20 00:00:00,Falta de Pago
71,16136,2025-06-23 00:00:00,Falta de Pago
72,24534,2028-03-03 00:00:00,Solicitud
73,14542,2027-02-23 00:00:00,Solicitud
74,24478,2027-02-27 00:00:00,Solicitud
75,26357,2027-07-14 00:00:00,Falta de Pago
76,837,2022-06-01 00:00:00,Falta de Pago
77,14668,2027-03-04 00:00:00,Falta de Pago
78,15665,2025-05-16 00:00:00,Alteración de riesgo
79,12109,2026-08-31 00:00:00,Solicitud
80,28598,2028-12-23 00:00:00,Solicitud
81,15142,2027-04-08 00:00:00,Solicitud
82,21409,2026-07-13 00:00:00,Falta de Pago
83,10010,2024-04-02 00:00:00,Falta de Pago
84,2557,2023-10-04 00:00:00,Falta de Pago
85,21131,2026-06-23 00:00:00,Falta de Pago
86,5044,2024-04-04 00:00:00,Solicitud
87,14463,2026-02-17 00:00:00,Solicitud
88,4055,2023-01-20 00:00:00,Falta de Pago
89,19061,2027-01-20 00:00:00,Solicitud
90,13926,2025-01-08 00:00:00,Solicitud
91,13855,2027-01-02 00:00:00,Falta de Pago
92,21533,2026-07-23 00:00:00,Falta de Pago
93,4560,2025-02-27 00:00:00,Solicitud
94,294,2023-04-25 00:00:00,Falta de Pago
95,25687,2028-05-27 00:00:00,Falta de Pago
96,19671,2027-03-05 00:00:00,Solicitud
97,1682,2022-08-01 00:00:00,Falta de Pago
98,19242,2028-02-02 00:00:00,Falta de Pago
99,11947,2026-08-18 00:00:00,Solicitud
100,12833,2025-10-23 00:00:00,Falta de Pago
101,24595,2028-03-08 00:00:00,Solicitud
102,17642,2028-10-05 00:00:00,Falta de Pago
103,28167,2029-11-22 00:00:00,Falta de Pago
104,23422,2028-12-11 00:00:00,Falta de Pago
105,27352,2027-09-23 00:00:00,Falta de Pago
106,20647,2026-05-17 00:00:00,Solicitud
107,27010,2029-08-28 00:00:00,Falta de Pago
108,11758,2026-08-07 00:00:00,Falta de Pago
109,3025,2022-11-06 00:00:00,Falta de Pago
110,2215,2025-09-09 00:00:00,Falta de Pago
111,24604,2029-03-09 00:00:00,Solicitud
112,2312,2023-09-16 00:00:00,Solicitud
113,26441,2028-07-19 00:00:00,Falta de Pago
114,6665,2023-08-02 00:00:00,Falta de Pago
115,2424,2022-09-24 00:00:00,Falta de Pago
116,8583,2024-12-21 00:00:00,Solicitud
117,7669,2023-10-12 00:00:00,Falta de Pago
118,15059,2027-04-03 00:00:00,Solicitud
119,19377,2027-02-11 00:00:00,Falta de Pago
120,18323,2025-11-26 00:00:00,Falta de Pago
121,9586,2026-03-02 00:00:00,Solicitud
122,2103,2022-09-01 00:00:00,Solicitud
123,14206,2027-01-30 00:00:00,Falta de Pago
124,22486,2026-10-01 00:00:00,Falta de Pago
125,27628,2027-10-13 00:00:00,Solicitud
126,8540,2024-12-18 00:00:00,Falta de Pago
127,11576,2024-07-24 00:00:00,Solicitud
128,10324,2024-04-24 00:00:00,Falta de Pago
129,27644,2028-10-14 00:00:00,Solicitud
130,22710,2026-10-18 00:00:00,Solicitud
131,10378,2025-04-28 00:00:00,Falta de Pago
132,10493,2024-05-07 00:00:00,Falta de Pago
133,6563,2023-07-27 00:00:00,Solicitud
134,6801,2024-08-11 00:00:00,Falta de Pago
135,27237,2029-09-14 00:00:00,Solicitud
136,15040,2025-04-01 00:00:00,Falta de Pago
137,9148,2025-01-30 00:00:00,Falta de Pago
138,16061,2025-06-16 00:00:00,Falta de Pago
139,1215,2023-06-27 00:00:00,Falta de Pago
140,266,2024-04-23 00:00:00,Falta de Pago
141,2036,2022-08-27 00:00:00,Falta de Pago
142,23199,2027-11-24 00:00:00,Solicitud
143,22262,2026-09-15 00:00:00,Falta de Pago
144,7166,2025-09-06 00:00:00,Falta de Pago
145,12013,2024-08-23 00:00:00,Falta de Pago
146,18377,2027-11-30 00:00:00,Solicitud
147,7340,2024-09-19 00:00:00,Falta de Pago
148,7520,2025-10-02 00:00:00,Solicitud
149,24971,2027-04-06 00:00:00,Solicitud
150,7231,2023-09-11 00:00:00,Solicitud
151,9032,2025-01-21 00:00:00,Falta de Pago
152,6433,2023-07-18 00:00:00,Falta de Pago
153,12402,2026-09-22 00:00:00,Falta de Pago
154,2242,2023-09-11 00:00:00,Falta de Pago
155,27225,2029-09-13 00:00:00,Solicitud
156,14243,2025-02-02 00:00:00,Falta de Pago
157,2713,2022-10-16 00:00:00,Solicitud
158,24232,2027-02-09 00:00:00,Falta de Pago
159,10352,2027-04-27 00:00:00,Solicitud
160,4192,2023-01-29 00:00:00,Falta de Pago
161,4689,2024-03-10 00:00:00,Falta de Pago
162,2070,2023-08-29 00:00:00,Falta de Pago
163,10597,2025-05-14 00:00:00,Falta de Pago
164,22960,2026-11-05 00:00:00,Solicitud
165,21436,2026-07-16 00:00:00,Solicitud
166,13182,2024-11-16 00:00:00,Solicitud
167,41,2023-04-04 00:00:00,Solicitud
168,3524,2025-12-12 00:00:00,Falta de Pago
169,8642,2025-12-25 00:00:00,Falta de Pago
170,5875,2023-06-07 00:00:00,Falta de Pago
171,28426,2028-12-10 00:00:00,Falta de Pago
172,19613,2026-02-28 00:00:00,Falta de Pago
173,18796,2025-12-30 00:00:00,Solicitud
174,9842,2025-03-22 00:00:00,Falta de Pago
175,15907,2025-06-05 00:00:00,Solicitud
176,23093,2027-11-15 00:00:00,Solicitud
177,23242,2026-11-27 00:00:00,Solicitud
178,5423,2024-05-04 00:00:00,Falta de Pago
179,10572,2026-05-12 00:00:00,Falta de Pago
180,1853,2022-08-14 00:00:00,Solicitud
181,6400,2023-07-15 00:00:00,Falta de Pago
182,15571,2025-05-09 00:00:00,Solicitud
183,1445,2023-07-15 00:00:00,Falta de Pago
184,3787,2023-01-01 00:00:00,Solicitud
185,18091,2026-11-09 00:00:00,Falta de Pago
186,15827,2025-05-29 00:00:00,Solicitud
187,26224,2027-07-04 00:00:00,Solicitud
188,21204,2027-06-28 00:00:00,Solicitud
189,6392,2023-07-14 00:00:00,Alteración de riesgo
190,13705,2025-12-22 00:00:00,Falta de Pago
191,54,2023-04-05 00:00:00,Solicitud
192,22786,2028-10-23 00:00:00,Falta de Pago
193,25875,2027-06-10 00:00:00,Solicitud
194,13763,2024-12-26 00:00:00,Solicitud
195,13505,2027-12-10 00:00:00,Solicitud
196,28623,2027-12-24 00:00:00,Solicitud
197,22307,2027-09-18 00:00:00,Falta de Pago
198,9206,2024-02-02 00:00:00,Solicitud
199,23845,2028-01-10 00:00:00,Falta de Pago
200,3349,2023-11-30 00:00:00,Falta de Pago
201,24000,2028-01-21 00:00:00,Solicitud
202,20532,2026-05-10 00:00:00,Solicitud
203,14385,2027-02-11 00:00:00,Solicitud
204,21973,2028-08-25 00:00:00,Solicitud
205,17411,2025-09-19 00:00:00,Falta de Pago
206,6522,2023-07-24 00:00:00,Falta de Pago
207,17406,2025-09-19 00:00:00,Falta de Pago
208,2028,2022-08-27 00:00:00,Solicitud
209,10567,2024-05-12 00:00:00,Solicitud
210,20530,2029-05-09 00:00:00,Falta de Pago
211,15708,2025-05-19 00:00:00,Falta de Pago
212,6658,2025-08-02 00:00:00,Falta de Pago
213,20886,2027-06-03 00:00:00,Falta de Pago
214,19263,2026-02-03 00:00:00,Solicitud
215,2098,2023-09-01 00:00:00,Solicitud
216,13608,2026-12-16 00:00:00,Falta de Pago
217,18342,2025-11-27 00:00:00,Falta de Pago
218,7543,2023-10-04 00:00:00,Solicitud
219,1976,2023-08-23 00:00:00,Falta de Pago
220,1605,2022-07-27 00:00:00,Solicitud
221,7066,2023-08-30 00:00:00,Solicitud
222,8578,2024-12-21 00:00:00,Solicitud
223,7813,2024-10-24 00:00:00,Solicitud
224,1871,2022-08-15 00:00:00,Solicitud
225,789,2023-05-29 00:00:00,Solicitud
226,10966,2025-06-09 00:00:00,Solicitud
227,6086,2024-06-21 00:00:00,Solicitud
228,11670,2024-07-31 00:00:00,Falta de Pago
229,14143,2026-01-24 00:00:00,Solicitud
230,7900,2023-10-31 00:00:00,Falta de Pago
231,23841,2028-01-10 00:00:00,Falta de Pago
232,26930,2027-08-22 00:00:00,Solicitud
233,25476,2028-05-12 00:00:00,Falta de Pago
234,23910,2027-01-15 00:00:00,Falta de Pago
235,3996,2025-01-16 00:00:00,Falta de Pago
236,10763,2026-05-26 00:00:00,Solicitud
237,8406,2024-12-09 00:00:00,Solicitud
238,12989,2025-11-04 00:00:00,Falta de Pago
239,24743,2029-03-19 00:00:00,Solicitud
240,26474,2028-07-21 00:00:00,Falta de Pago
241,930,2023-06-07 00:00:00,Solicitud
242,25847,2028-06-08 00:00:00,Falta de Pago
243,24260,2027-02-10 00:00:00,Falta de Pago
244,1960,2025-08-21 00:00:00,Solicitud
245,1588,2023-07-26 00:00:00,Falta de Pago
246,21986,2026-08-26 00:00:00,Falta de Pago
247,26657,2027-08-02 00:00:00,Falta de Pago
248,12649,2024-10-11 00:00:00,Falta de Pago
249,25563,2028-05-18 00:00:00,Solicitud
250,12316,2024-09-16 00:00:00,Solicitud
251,17825,2025-10-18 00:00:00,Falta de Pago
252,19136,2028-01-25 00:00:00,Falta de Pago
253,1908,2024-08-18 00:00:00,Falta de Pago
254,13707,2024-12-22 00:00:00,Falta de Pago
255,16642,2026-07-27 00:00:00,Falta de Pago
256,5859,2024-06-05 00:00:00,Solicitud
257,15457,2025-04-30 00:00:00,Falta de Pago
258,12888,2024-10-28 00:00:00,Solicitud
259,23583,2027-12-23 00:00:00,Solicitud
260,3357,2022-12-01 00:00:00,Solicitud
261,13514,2024-12-10 00:00:00,Falta de Pago
262,22225,2026-09-12 00:00:00,Solicitud
263,10055,2024-04-04 00:00:00,Solicitud
264,22613,2027-10-11 00:00:00,Falta de Pago
265,26397,2027-07-16 00:00:00,Falta de Pago
266,2335,2022-09-18 00:00:00,Solicitud
267,11383,2027-07-10 00:00:00,Falta de Pago
268,14136,2026-01-24 00:00:00,Solicitud
269,24372,2029-02-19 00:00:00,Falta de Pago
270,17768,2025-10-14 00:00:00,Falta de Pago
271,4720,2023-03-12 00:00:00,Falta de Pago
272,21070,2026-06-18 00:00:00,Solicitud
273,12092,2025-08-30 00:00:00,Solicitud
274,852,2023-06-02 00:00:00,Falta de Pago
275,10734,2024-05-23 00:00:00,Falta de Pago
276,26986,2029-08-27 00:00:00,Solicitud
277,17822,2025-10-18 00:00:00,Falta de Pago
278,20169,2026-04-13 00:00:00,Solicitud
279,26822,2027-08-14 00:00:00,Falta de Pago
280,25863,2030-06-09 00:00:00,Solicitud
281,2005,2023-08-25 00:00:00,Solicitud
282,12072,2024-08-29 00:00:00,Falta de Pago
283,4840,2023-03-20 00:00:00,Falta de Pago
284,7780,2023-10-21 00:00:00,Solicitud
285,12452,2025-09-26 00:00:00,Falta de Pago
286,16990,2025-08-21 00:00:00,Falta de Pago
287,3307,2022-11-28 00:00:00,Solicitud
288,14572,2026-02-26 00:00:00,Solicitud
289,22514,2027-10-03 00:00:00,Falta de Pago
290,1723,2023-08-04 00:00:00,Solicitud
291,13072,2024-11-10 00:00:00,Solicitud
292,7084,2023-08-31 00:00:00,Falta de Pago
293,21709,2026-08-04 00:00:00,Solicitud
294,15261,2025-04-15 00:00:00,Solicitud
295,9179,2024-01-31 00:00:00,Falta de Pago
296,11507,2024-07-19 00:00:00,Solicitud
297,9397,2024-02-16 00:00:00,Solicitud
298,13499,2024-12-09 00:00:00,Falta de Pago
299,1497,2023-07-20 00:00:00,Falta de Pago
300,1367,2024-07-08 00:00:00,Falta de Pago
301,226,2022-04-19 00:00:00,Solicitud
302,15829,2025-05-29 00:00:00,Falta de Pago
303,7713,2024-10-15 00:00:00,Solicitud
304,15844,2027-05-31 00:00:00,Solicitud
305,13106,2024-11-12 00:00:00,Falta de Pago
306,26605,2029-07-30 00:00:00,Solicitud
307,8587,2023-12-22 00:00:00,Falta de Pago
308,27371,2027-09-24 00:00:00,Falta de Pago
309,21632,2026-07-30 00:00:00,Falta de Pago
310,18742,2026-12-26 00:00:00,Solicitud
311,21697,2026-08-04 00:00:00,Falta de Pago
312,22993,2028-11-08 00:00:00,Solicitud
313,26774,2027-08-10 00:00:00,Solicitud
314,5558,2024-05-15 00:00:00,Solicitud
315,21146,2027-06-24 00:00:00,Solicitud
316,1253,2024-06-29 00:00:00,Solicitud
317,15050,2025-04-02 00:00:00,Solicitud
318,10471,2025-05-05 00:00:00,Solicitud
319,952,2024-06-09 00:00:00,Solicitud
320,22782,2026-10-23 00:00:00,Falta de Pago
321,4079,2023-01-22 00:00:00,Solicitud
322,3590,2024-12-16 00:00:00,Falta de Pago
323,26217,2027-07-03 00:00:00,Falta de Pago
324,6701,2025-08-05 00:00:00,Solicitud
325,4707,2024-03-11 00:00:00,Solicitud
326,12001,2026-08-22 00:00:00,Solicitud
327,23171,2027-11-22 00:00:00,Solicitud
328,2617,2023-10-09 00:00:00,Falta de Pago
329,23225,2026-11-26 00:00:00,Falta de Pago
330,24445,2027-02-25 00:00:00,Solicitud
331,7604,2024-10-08 00:00:00,Falta de Pago
332,14640,2025-03-02 00:00:00,Solicitud
333,13970,2027-01-11 00:00:00,Solicitud
334,2780,2022-10-21 00:00:00,Falta de Pago
335,23036,2026-11-12 00:00:00,Falta de Pago
336,16858,2025-08-11 00:00:00,Falta de Pago
337,22756,2026-10-21 00:00:00,Falta de Pago
338,21388,2027-07-11 00:00:00,Solicitud
339,8896,2025-01-12 00:00:00,Solicitud
340,651,2023-05-20 00:00:00,Solicitud
341,24773,2027-03-21 00:00:00,Falta de Pago
342,15937,2026-06-07 00:00:00,Falta de Pago
343,4803,2024-03-17 00:00:00,Falta de Pago
344,17878,2026-10-22 00:00:00,Falta de Pago
345,8599,2023-12-23 00:00:00,Solicitud
346,23430,2026-12-12 00:00:00,Falta de Pago
347,13014,2026-11-06 00:00:00,Solicitud
348,22185,2026-09-09 00:00:00,Falta de Pago
349,27109,2027-09-04 00:00:00,Falta de Pago
350,23683,2026-12-30 00:00:00,Falta de Pago
351,27620,2028-10-12 00:00:00,Falta de Pago
352,2358,2024-09-19 00:00:00,Falta de Pago
353,28411,2028-12-09 00:00:00,Solicitud
354,4427,2025-02-17 00:00:00,Falta de Pago
355,7042,2023-08-28 00:00:00,Solicitud
356,23675,2026-12-30 00:00:00,Falta de Pago
357,21513,2026-07-21 00:00:00,Solicitud
358,7991,2024-11-07 00:00:00,Solicitud
359,9940,2024-03-28 00:00:00,Solicitud
360,3425,2022-12-05 00:00:00,Solicitud
361,8754,2026-01-02 00:00:00,Solicitud
362,11460,2024-07-15 00:00:00,Falta de Pago
363,8399,2025-12-08 00:00:00,Solicitud
364,2937,2024-11-01 00:00:00,Solicitud
365,20270,2029-04-20 00:00:00,Falta de Pago
366,13288,2024-11-23 00:00:00,Alteración de riesgo
367,25720,2030-05-29 00:00:00,Falta de Pago
368,19937,2026-03-25 00:00:00,Solicitud
369,23889,2028-01-13 00:00:00,Falta de Pago
370,19243,2026-02-02 00:00:00,Falta de Pago
371,10596,2024-05-14 00:00:00,Falta de Pago
372,17378,2028-09-17 00:00:00,Solicitud
373,14068,2025-01-18 00:00:00,Solicitud
374,11146,2024-06-22 00:00:00,Falta de Pago
375,3531,2022-12-12 00:00:00,Falta de Pago
376,13520,2025-12-11 00:00:00,Solicitud
377,20256,2027-04-19 00:00:00,Solicitud
378,3231,2022-11-22 00:00:00,Solicitud
379,8527,2023-12-18 00:00:00,Solicitud
380,28188,2028-11-23 00:00:00,Falta de Pago
381,9236,2027-02-05 00:00:00,Solicitud
382,18267,2027-11-22 00:00:00,Solicitud
383,15288,2026-04-17 00:00:00,Solicitud
384,10764,2025-05-26 00:00:00,Falta de Pago
385,22814,2029-10-25 00:00:00,Solicitud
386,16756,2025-08-03 00:00:00,Falta de Pago
387,24308,2027-02-14 00:00:00,Solicitud
388,8160,2025-11-19 00:00:00,Solicitud
389,17455,2028-09-23 00:00:00,Solicitud
390,26609,2027-07-30 00:00:00,Solicitud
391,21274,2027-07-03 00:00:00,Falta de Pago
392,7388,2024-09-22 00:00:00,Solicitud
393,24420,2027-02-23 00:00:00,Falta de Pago
394,10166,2025-04-12 00:00:00,Falta de Pago
395,7542,2025-10-04 00:00:00,Solicitud
396,27351,2027-09-23 00:00:00,Solicitud
397,26937,2028-08-23 00:00:00,Solicitud
398,18652,2025-12-19 00:00:00,Solicitud
399,8108,2023-11-16 00:00:00,Solicitud
400,23687,2028-12-30 00:00:00,Falta de Pago
401,25140,2027-04-18 00:00:00,Falta de Pago
402,27430,2028-09-28 00:00:00,Falta de Pago
403,12197,2025-09-07 00:00:00,Falta de Pago
404,18939,2026-01-10 00:00:00,Falta de Pago
405,18245,2025-11-20 00:00:00,Falta de Pago
406,19961,2027-03-27 00:00:00,Falta de Pago
407,26705,2029-08-06 00:00:00,Solicitud
408,24036,2028-01-25 00:00:00,Falta de Pago
409,1419,2022-07-13 00:00:00,Solicitud
410,1415,2022-07-12 00:00:00,Solicitud
411,27600,2028-10-11 00:00:00,Solicitud
412,22351,2028-09-21 00:00:00,Solicitud
413,1611,2023-07-28 00:00:00,Falta de Pago
414,28519,2028-12-17 00:00:00,Solicitud
415,27732,2028-10-20 00:00:00,Solicitud
416,17178,2026-09-03 00:00:00,Solicitud
417,18540,2025-12-10 00:00:00,Falta de Pago
418,10207,2025-04-16 00:00:00,Falta de Pago
419,22953,2026-11-04 00:00:00,Falta de Pago
420,26502,2028-07-23 00:00:00,Falta de Pago
421,16342,2025-07-06 00:00:00,Falta de Pago
422,11213,2026-06-28 00:00:00,Falta de Pago
423,8555,2024-12-20 00:00:00,Falta de Pago
424,19282,2026-02-04 00:00:00,Falta de Pago
425,16174,2025-06-25 00:00:00,Falta de Pago
426,22256,2026-09-15 00:00:00,Alteración de riesgo
427,11946,2024-08-18 00:00:00,Solicitud
428,13553,2025-12-13 00:00:00,Falta de Pago
429,20201,2027-04-15 00:00:00,Falta de Pago
430,16620,2025-07-25 00:00:00,Solicitud
431,9966,2026-03-30 00:00:00,Falta de Pago
432,24765,2027-03-21 00:00:00,Falta de Pago
433,17603,2025-10-02 00:00:00,Falta de Pago
434,12971,2025-11-03 00:00:00,Falta de Pago
435,10900,2027-06-03 00:00:00,Falta de Pago
436,13348,2025-11-28 00:00:00,Falta de Pago
437,6432,2023-07-18 00:00:00,Falta de Pago
438,16033,2025-06-14 00:00:00,Solicitud
439,15179,2025-04-11 00:00:00,Solicitud
440,25256,2028-04-26 00:00:00,Solicitud
441,7139,2023-09-04 00:00:00,Falta de Pago
442,22084,2027-09-02 00:00:00,Solicitud
443,12493,2025-09-29 00:00:00,Falta de Pago
444,3386,2022-12-03 00:00:00,Solicitud
445,27873,2029-11-01 00:00:00,Solicitud
446,746,2025-05-26 00:00:00,Solicitud
447,21239,2026-07-01 00:00:00,Falta de Pago
448,17924,2025-10-25 00:00:00,Falta de Pago
449,7372,2024-09-21 00:00:00,Falta de Pago
450,19720,2026-03-09 00:00:00,Falta de Pago
451,6879,2023-08-16 00:00:00,Falta de Pago
452,10349,2025-04-26 00:00:00,Falta de Pago
453,11634,2024-07-29 00:00:00,Solicitud
454,6950,2024-08-22 00:00:00,Solicitud
455,20018,2026-03-31 00:00:00,Solicitud
456,8488,2023-12-15 00:00:00,Solicitud
457,18973,2026-01-12 00:00:00,Falta de Pago
458,20382,2028-04-28 00:00:00,Falta de Pago
459,20769,2028-05-26 00:00:00,Solicitud
460,21530,2027-07-22 00:00:00,Falta de Pago
461,172,2023-04-15 00:00:00,Solicitud
462,18565,2026-12-13 00:00:00,Falta de Pago
463,25034,2028-04-10 00:00:00,Solicitud
464,25967,2028-06-17 00:00:00,Falta de Pago
465,11602,2025-07-26 00:00:00,Falta de Pago
466,6828,2024-08-13 00:00:00,Falta de Pago
467,9910,2024-03-26 00:00:00,Solicitud
468,20507,2026-05-08 00:00:00,Solicitud
469,4965,2023-03-30 00:00:00,Falta de Pago
470,8152,2024-11-19 00:00:00,Falta de Pago
471,11166,2024-06-24 00:00:00,Solicitud
472,18819,2026-12-31 00:00:00,Solicitud
473,8760,2024-01-03 00:00:00,Solicitud
474,15753,2026-05-24 00:00:00,Falta de Pago
475,14841,2025-03-17 00:00:00,Falta de Pago
476,2156,2023-09-05 00:00:00,Falta de Pago
477,16092,2026-06-19 00:00:00,Falta de Pago
478,25931,2028-06-15 00:00:00,Solicitud
479,5037,2024-04-04 00:00:00,Falta de Pago
480,10158,2026-04-11 00:00:00,Solicitud
481,24535,2030-03-03 00:00:00,Falta de Pago
482,27291,2029-09-18 00:00:00,Solicitud
483,18679,2026-12-21 00:00:00,Solicitud
484,263,2022-04-22 00:00:00,Solicitud
485,16041,2025-06-15 00:00:00,Solicitud
486,13508,2025-12-10 00:00:00,Falta de Pago
487,7521,2024-10-02 00:00:00,Solicitud
488,7304,2024-09-17 00:00:00,Falta de Pago
489,4095,2023-01-23 00:00:00,Falta de Pago
490,2372,2025-09-20 00:00:00,Falta de Pago
491,17246,2027-09-07 00:00:00,Falta de Pago
492,3142,2022-11-14 00:00:00,Solicitud
493,18249,2026-11-20 00:00:00,Falta de Pago
494,23936,2028-01-17 00:00:00,Falta de Pago
495,2486,2024-09-29 00:00:00,Solicitud
496,2683,2023-10-14 00:00:00,Solicitud
497,18685,2026-12-22 00:00:00,Solicitud
498,666,2023-05-21 00:00:00,Solicitud
499,6711,2024-08-06 00:00:00,Solicitud
500,21898,2026-08-19 00:00:00,Falta de Pago
501,17750,2025-10-12 00:00:00,Solicitud
502,23473,2027-12-15 00:00:00,Falta de Pago
503,4297,2023-02-07 00:00:00,Solicitud
504,23737,2028-01-03 00:00:00,Falta de Pago
505,26243,2028-07-05 00:00:00,Falta de Pago
506,20900,2026-06-05 00:00:00,Solicitud
507,620,2022-05-18 00:00:00,Falta de Pago
508,1874,2023-08-15 00:00:00,Solicitud
509,1525,2022-07-22 00:00:00,Solicitud
510,5405,2023-05-03 00:00:00,Solicitud
511,9706,2027-03-12 00:00:00,Solicitud
512,5945,2024-06-12 00:00:00,Falta de Pago
513,26210,2029-07-03 00:00:00,Falta de Pago
514,19269,2027-02-04 00:00:00,Solicitud
515,3061,2024-11-08 00:00:00,Falta de Pago
516,21173,2027-06-26 00:00:00,Solicitud
517,11068,2026-06-15 00:00:00,Falta de Pago
518,19940,2026-03-26 00:00:00,Falta de Pago
519,19669,2026-03-04 00:00:00,Falta de Pago
520,4990,2023-04-01 00:00:00,Solicitud
521,3049,2023-11-08 00:00:00,Solicitud
522,13770,2026-12-27 00:00:00,Falta de Pago
523,12356,2026-09-19 00:00:00,Solicitud
524,16552,2025-07-20 00:00:00,Solicitud
525,4125,2024-01-25 00:00:00,Falta de Pago
526,12533,2026-10-02 00:00:00,Solicitud
527,17358,2025-09-16 00:00:00,Falta de Pago
528,24983,2027-04-06 00:00:00,Falta de Pago
529,15560,2026-05-08 00:00:00,Falta de Pago
530,20149,2026-04-11 00:00:00,Falta de Pago
531,16448,2025-07-13 00:00:00,Falta de Pago
532,14179,2026-01-28 00:00:00,Falta de Pago
533,13370,2025-11-30 00:00:00,Solicitud
534,16789,2025-08-06 00:00:00,Solicitud
535,17375,2025-09-17 00:00:00,Falta de Pago
536,22943,2029-11-04 00:00:00,Solicitud
537,5595,2025-05-18 00:00:00,Falta de Pago
538,18235,2025-11-19 00:00:00,Solicitud
539,11547,2025-07-22 00:00:00,Solicitud
540,4517,2025-02-24 00:00:00,Falta de Pago
541,21267,2026-07-03 00:00:00,Solicitud
542,8212,2023-11-24 00:00:00,Falta de Pago
543,16602,2025-07-24 00:00:00,Solicitud
544,20624,2027-05-16 00:00:00,Solicitud
545,8702,2023-12-29 00:00:00,Solicitud
546,7370,2025-09-21 00:00:00,Solicitud
547,2068,2025-08-29 00:00:00,Falta de Pago
548,4668,2024-03-08 00:00:00,Falta de Pago
549,17624,2025-10-03 00:00:00,Falta de Pago
550,3673,2022-12-23 00:00:00,Solicitud
551,21880,2026-08-18 00:00:00,Falta de Pago
552,21209,2027-06-28 00:00:00,Solicitud
553,28355,2029-12-06 00:00:00,Falta de Pago
554,20155,2026-04-12 00:00:00,Solicitud
555,10302,2025-04-22 00:00:00,Solicitud
556,6081,2024-06-21 00:00:00,Solicitud
557,20619,2026-05-15 00:00:00,Alteración de riesgo
558,16015,2026-06-13 00:00:00,Falta de Pago
559,7162,2023-09-06 00:00:00,Solicitud
560,2493,2023-09-30 00:00:00,Falta de Pago
561,14754,2025-03-11 00:00:00,Falta de Pago
562,2579,2023-10-06 00:00:00,Falta de Pago
563,9985,2024-03-31 00:00:00,Solicitud
564,21518,2026-07-22 00:00:00,Solicitud
565,51,2022-04-04 00:00:00,Falta de Pago
566,1614,2022-07-28 00:00:00,Solicitud
567,25003,2028-04-08 00:00:00,Solicitud
568,13633,2024-12-18 00:00:00,Falta de Pago
569,13637,2025-12-19 00:00:00,Falta de Pago
570,24628,2027-03-11 00:00:00,Solicitud
571,13188,2024-11-17 00:00:00,Solicitud
572,27931,2029-11-06 00:00:00,Solicitud
573,4112,2025-01-24 00:00:00,Falta de Pago
574,17896,2026-10-23 00:00:00,Solicitud
575,15491,2026-05-03 00:00:00,Solicitud
576,4976,2024-03-30 00:00:00,Falta de Pago
577,8645,2023-12-25 00:00:00,Alteración de riesgo
578,16755,2028-08-03 00:00:00,Falta de Pago
579,27749,2029-10-21 00:00:00,Falta de Pago
580,19384,2027-02-11 00:00:00,Falta de Pago
581,12856,2025-10-25 00:00:00,Solicitud
582,4133,2023-01-25 00:00:00,Falta de Pago
583,15307,2025-04-18 00:00:00,Falta de Pago
584,27211,2029-09-11 00:00:00,Solicitud
585,10724,2026-05-22 00:00:00,Falta de Pago
586,14356,2025-02-09 00:00:00,Falta de Pago
587,18291,2026-11-23 00:00:00,Falta de Pago
588,483,2022-05-09 00:00:00,Solicitud
589,20314,2026-04-23 00:00:00,Falta de Pago
590,11521,2027-07-21 00:00:00,Falta de Pago
591,7549,2024-10-04 00:00:00,Solicitud
592,23425,2026-12-12 00:00:00,Falta de Pago
593,12008,2024-08-23 00:00:00,Falta de Pago
594,18611,2027-12-17 00:00:00,Falta de Pago
595,24900,2028-03-31 00:00:00,Falta de Pago
596,19710,2027-03-08 00:00:00,Falta de Pago
597,3537,2022-12-13 00:00:00,Falta de Pago
598,20480,2026-05-06 00:00:00,Falta de Pago
599,3101,2022-11-11 00:00:00,Falta de Pago
600,2991,2023-11-04 00:00:00,Falta de Pago
601,7989,2023-11-07 00:00:00,Falta de Pago
602,22556,2028-10-06 00:00:00,Falta de Pago
603,3910,2023-01-09 00:00:00,Solicitud
604,20384,2028-04-28 00:00:00,Falta de Pago
605,7990,2024-11-07 00:00:00,Falta de Pago
606,18785,2026-12-29 00:00:00,Falta de Pago
607,4234,2023-02-01 00:00:00,Falta de Pago
608,20834,2026-05-30 00:00:00,Falta de Pago
609,19099,2027-01-22 00:00:00,Falta de Pago
610,26991,2027-08-27 00:00:00,Falta de Pago
611,23400,2027-12-10 00:00:00,Falta de Pago
612,23523,2026-12-19 00:00:00,Solicitud
613,22528,2026-10-04 00:00:00,Solicitud
614,16380,2026-07-09 00:00:00,Falta de Pago
615,28023,2027-11-12 00:00:00,Solicitud
616,18416,2026-12-02 00:00:00,Falta de Pago
617,15086,2026-04-05 00:00:00,Falta de Pago
618,12910,2026-10-30 00:00:00,Falta de Pago
619,4663,2023-03-08 00:00:00,Solicitud
620,14636,2025-03-02 00:00:00,Solicitud
621,6347,2024-07-11 00:00:00,Falta de Pago
622,22447,2026-09-28 00:00:00,Falta de Pago
623,19179,2027-01-28 00:00:00,Solicitud
624,15489,2025-05-03 00:00:00,Solicitud
625,13357,2024-11-29 00:00:00,Falta de Pago
626,19639,2027-03-03 00:00:00,Falta de Pago
627,9183,2025-01-31 00:00:00,Falta de Pago
628,17627,2026-10-03 00:00:00,Falta de Pago
629,14536,2025-02-23 00:00:00,Alteración de riesgo
630,13634,2026-12-18 00:00:00,Falta de Pago
631,19204,2026-01-30 00:00:00,Falta de Pago
632,7622,2025-10-09 00:00:00,Falta de Pago
633,3862,2023-01-06 00:00:00,Solicitud
634,8609,2023-12-23 00:00:00,Falta de Pago
635,26342,2027-07-13 00:00:00,Falta de Pago
636,18226,2025-11-19 00:00:00,Falta de Pago
637,18354,2028-11-28 00:00:00,Falta de Pago
638,15685,2025-05-17 00:00:00,Solicitud
639,18872,2026-01-04 00:00:00,Solicitud
640,2085,2023-08-31 00:00:00,Solicitud
641,27186,2027-09-09 00:00:00,Falta de Pago
642,18935,2026-01-09 00:00:00,Solicitud
643,17886,2025-10-23 00:00:00,Falta de Pago
644,4656,2023-03-08 00:00:00,Falta de Pago
645,24543,2028-03-04 00:00:00,Solicitud
646,4489,2023-02-22 00:00:00,Solicitud
647,7424,2025-09-24 00:00:00,Falta de Pago
648,9321,2026-02-11 00:00:00,Solicitud
649,23448,2027-12-13 00:00:00,Falta de Pago
650,10949,2025-06-07 00:00:00,Solicitud
651,2618,2024-10-09 00:00:00,Falta de Pago
652,17949,2026-10-27 00:00:00,Falta de Pago
653,8062,2024-11-12 00:00:00,Solicitud
654,3827,2023-01-04 00:00:00,Solicitud
655,2572,2023-10-05 00:00:00,Falta de Pago
656,10907,2025-06-05 00:00:00,Solicitud
657,15885,2026-06-03 00:00:00,Solicitud
658,13221,2025-11-18 00:00:00,Solicitud
659,28538,2028-12-19 00:00:00,Solicitud
660,26182,2030-07-01 00:00:00,Falta de Pago
661,21077,2027-06-18 00:00:00,Falta de Pago
662,14263,2027-02-03 00:00:00,Falta de Pago
663,22432,2028-09-27 00:00:00,Solicitud
664,28626,2027-12-24 00:00:00,Solicitud
665,3807,2023-01-02 00:00:00,Solicitud
666,22677,2026-10-15 00:00:00,Falta de Pago
667,26485,2028-07-21 00:00:00,Solicitud
668,21495,2026-07-20 00:00:00,Falta de Pago
669,7479,2025-09-28 00:00:00,Solicitud
670,19875,2026-03-21 00:00:00,Falta de Pago
671,5791,2024-06-01 00:00:00,Falta de Pago
672,11212,2027-06-28 00:00:00,Falta de Pago
673,4521,2025-02-25 00:00:00,Falta de Pago
674,4634,2023-03-06 00:00:00,Falta de Pago
675,16090,2026-06-19 00:00:00,Falta de Pago
676,23349,2028-12-06 00:00:00,Solicitud
677,1292,2023-07-02 00:00:00,Solicitud
678,15201,2025-04-12 00:00:00,Falta de Pago
679,11725,2025-08-04 00:00:00,Falta de Pago
680,10052,2024-04-04 00:00:00,Solicitud
681,16444,2025-07-13 00:00:00,Falta de Pago
682,19086,2026-01-21 00:00:00,Solicitud
683,1105,2022-06-20 00:00:00,Falta de Pago
684,8750,2024-01-02 00:00:00,Solicitud
685,20605,2026-05-15 00:00:00,Solicitud
686,21716,2026-08-05 00:00:00,Solicitud
687,24250,2028-02-10 00:00:00,Falta de Pago
688,25270,2027-04-27 00:00:00,Falta de Pago
689,13921,2027-01-08 00:00:00,Falta de Pago
690,15683,2027-05-17 00:00:00,Falta de Pago
691,22776,2026-10-23 00:00:00,Falta de Pago
692,13107,2027-11-12 00:00:00,Falta de Pago
693,27692,2027-10-17 00:00:00,Solicitud
694,21732,2026-08-06 00:00:00,Falta de Pago
695,7817,2025-10-24 00:00:00,Falta de Pago
696,3801,2023-01-02 00:00:00,Solicitud
697,14641,2026-03-02 00:00:00,Solicitud
698,15703,2026-05-18 00:00:00,Solicitud
699,4324,2025-02-09 00:00:00,Falta de Pago
700,15611,2026-05-13 00:00:00,Falta de Pago
701,11570,2026-07-24 00:00:00,Solicitud
702,2002,2022-08-25 00:00:00,Solicitud
703,28703,2028-12-30 00:00:00,Falta de Pago
704,15081,2025-04-04 00:00:00,Solicitud
705,12080,2024-08-29 00:00:00,Falta de Pago
706,19573,2026-02-25 00:00:00,Solicitud
707,26249,2027-07-06 00:00:00,Falta de Pago
708,4794,2024-03-17 00:00:00,Solicitud
709,12277,2024-09-12 00:00:00,Solicitud
710,3096,2023-11-11 00:00:00,Falta de Pago
711,2483,2022-09-29 00:00:00,Falta de Pago
712,8747,2025-01-02 00:00:00,Solicitud
713,6431,2026-07-18 00:00:00,Solicitud
714,4483,2023-02-22 00:00:00,Falta de Pago
715,15527,2027-05-05 00:00:00,Solicitud
716,1890,2023-08-16 00:00:00,Solicitud
717,22912,2026-11-02 00:00:00,Solicitud
718,18867,2027-01-04 00:00:00,Falta de Pago
719,9611,2025-03-04 00:00:00,Falta de Pago
720,7080,2023-08-31 00:00:00,Solicitud
721,18234,2027-11-19 00:00:00,Solicitud
722,12813,2025-10-22 00:00:00,Falta de Pago
723,551,2022-05-14 00:00:00,Falta de Pago
724,9668,2024-03-09 00:00:00,Falta de Pago
725,19788,2026-03-14 00:00:00,Solicitud
726,12904,2024-10-29 00:00:00,Falta de Pago
727,14203,2025-01-29 00:00:00,Solicitud
728,5643,2023-05-21 00:00:00,Solicitud
729,16422,2026-07-11 00:00:00,Solicitud
730,2731,2022-10-18 00:00:00,Solicitud
731,28149,2028-11-21 00:00:00,Solicitud
732,17912,2025-10-24 00:00:00,Falta de Pago
733,5431,2023-05-04 00:00:00,Falta de Pago
734,16149,2025-06-24 00:00:00,Falta de Pago
735,24417,2027-02-22 00:00:00,Falta de Pago
736,25013,2028-04-09 00:00:00,Falta de Pago
737,28166,2028-11-22 00:00:00,Solicitud
738,12283,2025-09-13 00:00:00,Falta de Pago
739,5514,2024-05-12 00:00:00,Falta de Pago
740,4536,2024-02-26 00:00:00,Solicitud
741,18740,2025-12-26 00:00:00,Falta de Pago
742,6410,2023-07-16 00:00:00,Falta de Pago
743,27510,2028-10-05 00:00:00,Falta de Pago
744,6163,2023-06-28 00:00:00,Solicitud
745,3513,2023-12-10 00:00:00,Falta de Pago
746,1825,2024-08-12 00:00:00,Falta de Pago
747,14832,2028-03-17 00:00:00,Falta de Pago
748,3635,2022-12-20 00:00:00,Solicitud
749,2763,2023-10-20 00:00:00,Falta de Pago
750,9306,2024-02-11 00:00:00,Solicitud
751,12497,2027-09-29 00:00:00,Solicitud
752,27929,2029-11-05 00:00:00,Solicitud
753,26531,2028-07-25 00:00:00,Solicitud
754,27506,2029-10-04 00:00:00,Falta de Pago
755,28299,2029-12-02 00:00:00,Falta de Pago
756,8000,2025-11-07 00:00:00,Solicitud
757,6220,2023-07-02 00:00:00,Falta de Pago
758,5883,2023-06-07 00:00:00,Falta de Pago
759,10023,2027-04-02 00:00:00,Solicitud
760,3813,2024-01-03 00:00:00,Falta de Pago
761,23095,2026-11-16 00:00:00,Solicitud
762,23977,2029-01-20 00:00:00,Solicitud
763,20362,2027-04-27 00:00:00,Solicitud
764,14149,2027-01-25 00:00:00,Falta de Pago
765,1430,2022-07-14 00:00:00,Solicitud
766,5575,2024-05-16 00:00:00,Falta de Pago
767,20137,2028-04-10 00:00:00,Solicitud
768,23688,2027-12-30 00:00:00,Solicitud
769,26166,2027-06-30 00:00:00,Solicitud
770,20722,2026-05-23 00:00:00,Falta de Pago
771,2946,2022-11-01 00:00:00,Solicitud
772,13702,2025-12-22 00:00:00,Falta de Pago
773,13622,2024-12-17 00:00:00,Falta de Pago
774,11483,2025-07-17 00:00:00,Solicitud
775,9622,2026-03-05 00:00:00,Solicitud
776,23462,2027-12-14 00:00:00,Solicitud
777,6108,2025-06-23 00:00:00,Solicitud
778,15206,2026-04-13 00:00:00,Solicitud
779,17370,2025-09-17 00:00:00,Falta de Pago
780,9889,2026-03-24 00:00:00,Solicitud
781,2971,2023-11-03 00:00:00,Falta de Pago
782,8308,2025-12-02 00:00:00,Falta de Pago
783,12809,2025-10-22 00:00:00,Falta de Pago
784,20422,2026-05-01 00:00:00,Solicitud
785,8238,2023-11-26 00:00:00,Solicitud
786,27717,2027-10-19 00:00:00,Falta de Pago
787,18911,2026-01-07 00:00:00,Falta de Pago
788,27023,2027-08-30 00:00:00,Solicitud
789,15106,2026-04-06 00:00:00,Solicitud
790,9678,2026-03-10 00:00:00,Solicitud
791,6597,2023-07-29 00:00:00,Solicitud
792,23194,2028-11-24 00:00:00,Falta de Pago
793,24771,2027-03-21 00:00:00,Solicitud
794,27087,2028-09-03 00:00:00,Falta de Pago
795,13456,2024-12-06 00:00:00,Solicitud
796,15835,2025-05-30 00:00:00,Solicitud
797,21455,2028-07-17 00:00:00,Falta de Pago
798,13490,2026-12-08 00:00:00,Falta de Pago
799,22484,2026-10-01 00:00:00,Falta de Pago
800,5404,2023-05-03 00:00:00,Solicitud
801,9288,2025-02-09 00:00:00,Falta de Pago
802,19229,2026-02-01 00:00:00,Solicitud
803,25122,2027-04-16 00:00:00,Falta de Pago
804,23127,2027-11-18 00:00:00,Solicitud
805,24207,2028-02-07 00:00:00,Falta de Pago
806,26836,2029-08-15 00:00:00,Solicitud
807,12719,2026-10-16 00:00:00,Falta de Pago
808,21192,2026-06-28 00:00:00,Solicitud
809,25783,2027-06-03 00:00:00,Solicitud
810,17752,2027-10-13 00:00:00,Falta de Pago
811,4375,2023-02-13 00:00:00,Solicitud
812,13534,2025-12-11 00:00:00,Falta de Pago
813,27266,2027-09-16 00:00:00,Solicitud
814,16008,2026-06-13 00:00:00,Falta de Pago
815,7766,2023-10-20 00:00:00,Falta de Pago
816,22851,2026-10-28 00:00:00,Falta de Pago
817,15504,2026-05-04 00:00:00,Falta de Pago
818,11984,2027-08-21 00:00:00,Solicitud
819,19347,2027-02-09 00:00:00,Solicitud
820,19968,2027-03-28 00:00:00,Solicitud
821,14612,2025-02-28 00:00:00,Falta de Pago
822,23505,2026-12-18 00:00:00,Solicitud
823,5775,2025-05-31 00:00:00,Solicitud
824,3883,2023-01-07 00:00:00,Solicitud
825,421,2023-05-05 00:00:00,Solicitud
826,11739,2024-08-05 00:00:00,Falta de Pago
827,24248,2028-02-10 00:00:00,Solicitud
828,13186,2024-11-17 00:00:00,Solicitud
829,19939,2028-03-26 00:00:00,Solicitud
830,21804,2026-08-11 00:00:00,Solicitud
831,7516,2025-10-01 00:00:00,Solicitud
832,15735,2025-05-22 00:00:00,Solicitud
833,21044,2027-06-15 00:00:00,Falta de Pago
834,9355,2025-02-14 00:00:00,Falta de Pago
835,10877,2024-06-02 00:00:00,Falta de Pago
836,19618,2027-03-01 00:00:00,Solicitud
837,24787,2027-03-22 00:00:00,Falta de Pago
838,18784,2025-12-29 00:00:00,Falta de Pago
839,23875,2027-01-12 00:00:00,Falta de Pago
840,25545,2028-05-17 00:00:00,Falta de Pago
841,18164,2027-11-14 00:00:00,Falta de Pago
842,23873,2029-01-12 00:00:00,Falta de Pago
843,24931,2030-04-02 00:00:00,Solicitud
844,15090,2026-04-05 00:00:00,Falta de Pago
845,2223,2023-09-10 00:00:00,Falta de Pago
846,1659,2022-07-31 00:00:00,Falta de Pago
847,9329,2025-02-12 00:00:00,Solicitud
848,21029,2027-06-15 00:00:00,Solicitud
849,26329,2027-07-13 00:00:00,Falta de Pago
850,17482,2027-09-25 00:00:00,Falta de Pago
851,19868,2027-03-20 00:00:00,Solicitud
852,20403,2027-04-30 00:00:00,Falta de Pago
853,11073,2024-06-16 00:00:00,Falta de Pago
854,9467,2024-02-22 00:00:00,Falta de Pago
855,20498,2028-05-07 00:00:00,Falta de Pago
856,90,2024-04-08 00:00:00,Falta de Pago
857,23605,2027-12-25 00:00:00,Falta de Pago
858,14021,2026-01-14 00:00:00,Falta de Pago
859,11838,2024-08-11 00:00:00,Solicitud
860,6387,2023-07-14 00:00:00,Solicitud
861,24205,2028-02-07 00:00:00,Solicitud
862,19087,2026-01-21 00:00:00,Solicitud
863,10765,2025-05-26 00:00:00,Solicitud
864,22144,2027-09-06 00:00:00,Falta de Pago
865,24761,2027-03-21 00:00:00,Falta de Pago
866,21247,2026-07-01 00:00:00,Solicitud
867,27625,2027-10-12 00:00:00,Solicitud
868,22593,2028-10-10 00:00:00,Falta de Pago
869,14116,2026-01-22 00:00:00,Falta de Pago
870,24074,2027-01-27 00:00:00,Falta de Pago
871,6885,2023-08-17 00:00:00,Falta de Pago
872,9927,2025-03-27 00:00:00,Falta de Pago
873,13497,2025-12-09 00:00:00,Falta de Pago
874,27729,2027-10-20 00:00:00,Solicitud
875,19400,2027-02-12 00:00:00,Solicitud
876,21358,2027-07-10 00:00:00,Falta de Pago
877,15846,2026-05-31 00:00:00,Falta de Pago
878,23240,2027-11-27 00:00:00,Solicitud
879,6926,2024-08-20 00:00:00,Solicitud
880,20400,2027-04-30 00:00:00,Falta de Pago
881,25673,2028-05-25 00:00:00,Solicitud
882,14177,2025-01-28 00:00:00,Solicitud
883,6595,2024-07-29 00:00:00,Falta de Pago
884,6324,2023-07-09 00:00:00,Solicitud
885,24966,2027-04-05 00:00:00,Falta de Pago
886,28382,2028-12-07 00:00:00,Solicitud
887,4301,2026-02-07 00:00:00,Solicitud
888,10854,2027-05-31 00:00:00,Alteración de riesgo
889,22818,2026-10-26 00:00:00,Solicitud
890,3159,2023-11-16 00:00:00,Solicitud
891,10651,2025-05-18 00:00:00,Solicitud
892,4957,2024-03-29 00:00:00,Solicitud
893,16533,2026-07-19 00:00:00,Solicitud
894,784,2022-05-28 00:00:00,Solicitud
895,22354,2027-09-21 00:00:00,Falta de Pago
896,23752,2028-01-03 00:00:00,Falta de Pago
897,11156,2026-06-23 00:00:00,Solicitud
898,26872,2030-08-18 00:00:00,Falta de Pago
899,9323,2025-02-11 00:00:00,Solicitud
900,23310,2026-12-03 00:00:00,Solicitud
901,25574,2027-05-19 00:00:00,Solicitud
902,23315,2026-12-03 00:00:00,Solicitud
903,2219,2022-09-09 00:00:00,Solicitud
904,8132,2023-11-17 00:00:00,Falta de Pago
905,15670,2027-05-16 00:00:00,Solicitud
906,15561,2025-05-08 00:00:00,Solicitud
907,26230,2028-07-05 00:00:00,Falta de Pago
908,5131,2023-04-11 00:00:00,Solicitud
909,5260,2023-04-21 00:00:00,Falta de Pago
910,9965,2024-03-30 00:00:00,Falta de Pago
911,16308,2027-07-04 00:00:00,Falta de Pago
912,11041,2025-06-14 00:00:00,Falta de Pago
913,13356,2025-11-29 00:00:00,Falta de Pago
914,9476,2025-02-22 00:00:00,Falta de Pago
915,16377,2025-07-08 00:00:00,Falta de Pago
916,7750,2023-10-19 00:00:00,Solicitud
917,20711,2027-05-22 00:00:00,Falta de Pago
918,6447,2024-07-19 00:00:00,Solicitud
919,389,2023-05-02 00:00:00,Solicitud
920,3110,2022-11-12 00:00:00,Falta de Pago
921,20718,2027-05-23 00:00:00,Solicitud
922,15197,2026-04-12 00:00:00,Falta de Pago
923,13842,2027-01-01 00:00:00,Falta de Pago
924,14669,2025-03-04 00:00:00,Falta de Pago
925,12102,2025-08-31 00:00:00,Solicitud
926,3592,2023-12-16 00:00:00,Falta de Pago
927,10708,2025-05-21 00:00:00,Falta de Pago
928,4930,2026-03-27 00:00:00,Falta de Pago
929,26826,2028-08-14 00:00:00,Solicitud
930,12262,2025-09-11 00:00:00,Solicitud
931,6633,2024-07-31 00:00:00,Falta de Pago
932,1685,2023-08-02 00:00:00,Falta de Pago
933,12802,2024-10-22 00:00:00,Solicitud
934,247,2023-04-21 00:00:00,Falta de Pago
935,16178,2026-06-25 00:00:00,Falta de Pago
936,15784,2026-05-25 00:00:00,Solicitud
937,15573,2027-05-09 00:00:00,Falta de Pago
938,12264,2027-09-11 00:00:00,Falta de Pago
939,22236,2028-09-13 00:00:00,Falta de Pago
940,7397,2024-09-22 00:00:00,Solicitud
941,20435,2027-05-01 00:00:00,Falta de Pago
942,156,2022-04-13 00:00:00,Falta de Pago
943,20408,2028-04-30 00:00:00,Falta de Pago
944,11249,2025-07-01 00:00:00,Falta de Pago
945,26244,2029-07-05 00:00:00,Falta de Pago
946,4853,2025-03-21 00:00:00,Falta de Pago
947,14108,2026-01-22 00:00:00,Falta de Pago
948,1476,2023-07-18 00:00:00,Solicitud
949,7218,2023-09-10 00:00:00,Solicitud
950,2603,2022-10-08 00:00:00,Falta de Pago
951,2536,2022-10-03 00:00:00,Solicitud
952,12454,2026-09-26 00:00:00,Falta de Pago
953,3660,2023-12-21 00:00:00,Solicitud
954,18790,2026-12-30 00:00:00,Solicitud
955,15582,2026-05-10 00:00:00,Solicitud
956,16471,2027-07-15 00:00:00,Solicitud
957,10669,2024-05-19 00:00:00,Falta de Pago
958,17252,2028-09-08 00:00:00,Falta de Pago
959,26446,2028-07-19 00:00:00,Solicitud
960,25997,2029-06-18 00:00:00,Falta de Pago
961,14281,2025-02-04 00:00:00,Falta de Pago
962,20465,2029-05-04 00:00:00,Solicitud
963,15927,2025-06-06 00:00:00,Falta de Pago
964,24383,2027-02-20 00:00:00,Falta de Pago
965,513,2024-05-11 00:00:00,Solicitud
966,24713,2027-03-17 00:00:00,Solicitud
967,5180,2023-04-15 00:00:00,Solicitud
968,13203,2024-11-17 00:00:00,Solicitud
969,2541,2024-10-03 00:00:00,Solicitud
970,26659,2029-08-02 00:00:00,Falta de Pago
971,11605,2025-07-26 00:00:00,Falta de Pago
972,7985,2024-11-06 00:00:00,Falta de Pago
973,26463,2027-07-20 00:00:00,Falta de Pago
974,20100,2026-04-07 00:00:00,Falta de Pago
975,20420,2028-05-01 00:00:00,Solicitud
976,20642,2027-05-17 00:00:00,Falta de Pago
977,3212,2022-11-20 00:00:00,Falta de Pago
978,27244,2027-09-14 00:00:00,Falta de Pago
979,5504,2024-05-10 00:00:00,Falta de Pago
980,25440,2030-05-10 00:00:00,Solicitud
981,14709,2025-03-07 00:00:00,Falta de Pago
982,27840,2027-10-29 00:00:00,Alteración de riesgo
983,10382,2027-04-28 00:00:00,Solicitud
984,20811,2028-05-29 00:00:00,Solicitud
985,19175,2027-01-28 00:00:00,Falta de Pago
986,10293,2024-04-21 00:00:00,Falta de Pago
987,18569,2026-12-13 00:00:00,Falta de Pago
988,10522,2024-05-09 00:00:00,Falta de Pago
989,27757,2028-10-22 00:00:00,Falta de Pago
990,730,2023-05-25 00:00:00,Falta de Pago
991,27721,2027-10-19 00:00:00,Solicitud
992,24140,2027-02-01 00:00:00,Falta de Pago
993,25230,2028-04-24 00:00:00,Falta de Pago
994,15817,2027-05-28 00:00:00,Solicitud
995,26020,2027-06-20 00:00:00,Falta de Pago
996,160,2024-04-13 00:00:00,Falta de Pago
997,24990,2028-04-07 00:00:00,Solicitud
998,18247,2026-11-20 00:00:00,Falta de Pago
999,9527,2024-02-26 00:00:00,Falta de Pago
1000,9882,2024-03-24 00:00:00,Falta de Pago
1001,22671,2026-10-15 00:00:00,Falta de Pago
1002,25302,2027-04-29 00:00:00,Falta de Pago
1003,2400,2024-09-22 00:00:00,Falta de Pago
1004,26205,2027-07-02 00:00:00,Solicitud
1005,15826,2025-05-29 00:00:00,Falta de Pago
1006,21971,2027-08-25 00:00:00,Falta de Pago
1007,17524,2027-09-27 00:00:00,Falta de Pago
1008,22542,2026-10-05 00:00:00,Falta de Pago
1009,2119,2023-09-03 00:00:00,Solicitud
1010,14432,2025-02-15 00:00:00,Falta de Pago
1011,6533,2023-07-24 00:00:00,Falta de Pago
1012,21327,2028-07-06 00:00:00,Falta de Pago
1013,1751,2024-08-07 00:00:00,Falta de Pago
1014,21727,2027-08-06 00:00:00,Solicitud
1015,18616,2025-12-17 00:00:00,Solicitud
1016,7328,2024-09-19 00:00:00,Solicitud
1017,13679,2024-12-20 00:00:00,Solicitud
1018,7565,2024-10-05 00:00:00,Solicitud
1019,15870,2026-06-02 00:00:00,Solicitud
1020,25530,2027-05-16 00:00:00,Falta de Pago
1021,16875,2025-08-12 00:00:00,Falta de Pago
1022,14036,2025-01-16 00:00:00,Falta de Pago
1023,8916,2027-01-13 00:00:00,Falta de Pago
1024,2052,2024-08-28 00:00:00,Alteración de riesgo
1025,26390,2027-07-16 00:00:00,Falta de Pago
1026,2035,2022-08-27 00:00:00,Falta de Pago
1027,21696,2026-08-04 00:00:00,Solicitud
1028,18046,2027-11-05 00:00:00,Falta de Pago
1029,27502,2027-10-04 00:00:00,Falta de Pago
1030,24124,2028-01-31 00:00:00,Falta de Pago
1031,27192,2028-09-10 00:00:00,Falta de Pago
1032,11381,2025-07-10 00:00:00,Solicitud
1033,315,2022-04-27 00:00:00,Solicitud
1034,26144,2027-06-29 00:00:00,Falta de Pago
1035,23441,2026-12-13 00:00:00,Solicitud
1036,19362,2028-02-10 00:00:00,Falta de Pago
1037,23906,2027-01-15 00:00:00,Solicitud
1038,21508,2027-07-21 00:00:00,Solicitud
1039,4766,2023-03-15 00:00:00,Falta de Pago
1040,15546,2025-05-07 00:00:00,Falta de Pago
1041,28381,2028-12-07 00:00:00,Solicitud
1042,28121,2027-11-19 00:00:00,Solicitud
1043,18600,2028-12-16 00:00:00,Falta de Pago
1044,22789,2026-10-24 00:00:00,Falta de Pago
1045,22481,2028-10-01 00:00:00,Solicitud
1046,1343,2022-07-07 00:00:00,Falta de Pago
1047,10018,2024-04-02 00:00:00,Falta de Pago
1048,28214,2027-11-24 00:00:00,Solicitud
1049,16592,2025-07-23 00:00:00,Falta de Pago
1050,8260,2023-11-29 00:00:00,Falta de Pago
1051,3756,2022-12-30 00:00:00,Solicitud
1052,1099,2024-06-19 00:00:00,Solicitud
1053,8725,2024-12-31 00:00:00,Falta de Pago
1054,10983,2025-06-10 00:00:00,Falta de Pago
1055,28198,2027-11-24 00:00:00,Falta de Pago
1056,18753,2026-12-27 00:00:00,Falta de Pago
1057,10694,2024-05-21 00:00:00,Falta de Pago
1058,23618,2027-12-25 00:00:00,Solicitud
1059,14274,2026-02-04 00:00:00,Solicitud
1060,6728,2023-08-07 00:00:00,Solicitud
1061,8219,2024-11-25 00:00:00,Falta de Pago
1062,4407,2023-02-16 00:00:00,Falta de Pago
1063,26330,2027-07-13 00:00:00,Solicitud
1064,5222,2024-04-18 00:00:00,Alteración de riesgo
1065,11888,2024-08-14 00:00:00,Solicitud
1066,20743,2029-05-25 00:00:00,Solicitud
1067,19533,2028-02-22 00:00:00,Solicitud
1068,27470,2028-10-01 00:00:00,Falta de Pago
1069,1327,2023-07-05 00:00:00,Solicitud
1070,6200,2023-06-30 00:00:00,Falta de Pago
1071,11134,2024-06-22 00:00:00,Falta de Pago
1072,6744,2023-08-07 00:00:00,Solicitud
1073,2100,2022-09-01 00:00:00,Falta de Pago
1074,8929,2024-01-13 00:00:00,Falta de Pago
1075,23398,2029-12-10 00:00:00,Falta de Pago
1076,21069,2026-06-18 00:00:00,Falta de Pago
1077,15196,2025-04-12 00:00:00,Falta de Pago
1078,6495,2024-07-22 00:00:00,Solicitud
1079,19372,2027-02-10 00:00:00,Solicitud
1080,25788,2027-06-03 00:00:00,Solicitud
1081,1584,2023-07-26 00:00:00,Falta de Pago
1082,5623,2023-05-20 00:00:00,Falta de Pago
1083,16470,2026-07-15 00:00:00,Solicitud
1084,14380,2026-02-11 00:00:00,Falta de Pago
1085,6048,2025-06-19 00:00:00,Falta de Pago
1086,11266,2026-07-02 00:00:00,Falta de Pago
1087,21164,2026-06-26 00:00:00,Solicitud
1088,8590,2024-12-22 00:00:00,Solicitud
1089,27825,2030-10-28 00:00:00,Solicitud
1090,21570,2027-07-25 00:00:00,Falta de Pago
1091,3999,2025-01-16 00:00:00,Solicitud
1092,4899,2026-03-25 00:00:00,Falta de Pago
1093,433,2023-05-06 00:00:00,Solicitud
1094,10653,2027-05-18 00:00:00,Falta de Pago
1095,20287,2028-04-21 00:00:00,Falta de Pago
1096,23106,2027-11-17 00:00:00,Falta de Pago
1097,12114,2027-09-01 00:00:00,Solicitud
1098,1911,2022-08-18 00:00:00,Solicitud
1099,7070,2024-08-31 00:00:00,Falta de Pago
1100,1268,2024-07-01 00:00:00,Solicitud
1101,23421,2026-12-11 00:00:00,Solicitud
1102,844,2023-06-01 00:00:00,Solicitud
1103,8820,2025-01-07 00:00:00,Falta de Pago
1104,19730,2028-03-10 00:00:00,Falta de Pago
1105,9391,2024-02-16 00:00:00,Solicitud
1106,5424,2025-05-04 00:00:00,Falta de Pago
1107,27054,2029-09-01 00:00:00,Solicitud
1108,3734,2022-12-28 00:00:00,Solicitud
1109,4154,2023-01-27 00:00:00,Solicitud
1110,20684,2026-05-21 00:00:00,Solicitud
1111,3855,2024-01-06 00:00:00,Falta de Pago
1112,17431,2025-09-21 00:00:00,Solicitud
1113,13509,2024-12-10 00:00:00,Solicitud
1114,1131,2022-06-22 00:00:00,Falta de Pago
1115,19514,2029-02-21 00:00:00,Falta de Pago
1116,3169,2022-11-17 00:00:00,Solicitud
1117,10630,2024-05-16 00:00:00,Falta de Pago
1118,26532,2028-07-25 00:00:00,Solicitud
1119,16885,2026-08-13 00:00:00,Falta de Pago
1120,4426,2023-02-17 00:00:00,Falta de Pago
1121,12093,2026-08-30 00:00:00,Solicitud
1122,10718,2024-05-22 00:00:00,Falta de Pago
1123,17284,2025-09-11 00:00:00,Falta de Pago
1124,6671,2024-08-03 00:00:00,Solicitud
1125,20416,2027-05-01 00:00:00,Solicitud
1126,24322,2028-02-15 00:00:00,Falta de Pago
1127,4351,2023-02-11 00:00:00,Falta de Pago
1128,6073,2023-06-20 00:00:00,Falta de Pago
1129,14554,2025-02-24 00:00:00,Solicitud
1130,19202,2026-01-30 00:00:00,Falta de Pago
1131,24215,2027-02-07 00:00:00,Falta de Pago
1132,9095,2024-01-26 00:00:00,Solicitud
1133,24492,2029-02-28 00:00:00,Falta de Pago
1134,9457,2025-02-21 00:00:00,Solicitud
1135,28262,2029-11-29 00:00:00,Falta de Pago
1136,16039,2026-06-15 00:00:00,Falta de Pago
1137,23040,2026-11-12 00:00:00,Falta de Pago
1138,2220,2023-09-09 00:00:00,Solicitud
1139,8573,2023-12-21 00:00:00,Solicitud
1140,16914,2025-08-15 00:00:00,Falta de Pago
1141,18692,2028-12-22 00:00:00,Falta de Pago
1142,5392,2024-05-02 00:00:00,Solicitud
1143,19530,2028-02-22 00:00:00,Falta de Pago
1144,5331,2023-04-27 00:00:00,Solicitud
1145,18703,2025-12-23 00:00:00,Solicitud
1146,13094,2024-11-11 00:00:00,Falta de Pago
1147,27260,2027-09-16 00:00:00,Solicitud
1148,6765,2023-08-09 00:00:00,Solicitud
1149,17992,2025-10-31 00:00:00,Solicitud
1150,16556,2026-07-21 00:00:00,Falta de Pago
1151,13816,2026-12-30 00:00:00,Solicitud
1152,16071,2026-06-17 00:00:00,Solicitud
1153,21772,2026-08-09 00:00:00,Falta de Pago
1154,26810,2027-08-13 00:00:00,Falta de Pago
1155,8085,2025-11-14 00:00:00,Solicitud
1156,12625,2026-10-09 00:00:00,Falta de Pago
1157,27422,2027-09-28 00:00:00,Solicitud
1158,16596,2027-07-24 00:00:00,Solicitud
1159,17520,2025-09-27 00:00:00,Falta de Pago
1160,15403,2027-04-27 00:00:00,Falta de Pago
1161,20513,2027-05-09 00:00:00,Solicitud
1162,26336,2028-07-13 00:00:00,Solicitud
1163,21564,2028-07-25 00:00:00,Solicitud
1164,9951,2026-03-29 00:00:00,Falta de Pago
1165,6820,2024-08-12 00:00:00,Alteración de riesgo
1166,28630,2028-12-25 00:00:00,Falta de Pago
1167,3184,2025-11-19 00:00:00,Solicitud
1168,26768,2027-08-10 00:00:00,Solicitud
1169,19030,2026-01-16 00:00:00,Solicitud
1170,471,2022-05-08 00:00:00,Solicitud
1171,14282,2027-02-04 00:00:00,Solicitud
1172,20876,2026-06-03 00:00:00,Solicitud
1173,22467,2026-09-30 00:00:00,Solicitud
1174,15369,2028-04-23 00:00:00,Falta de Pago
1175,26379,2027-07-15 00:00:00,Solicitud
1176,16619,2026-07-25 00:00:00,Solicitud
1177,4647,2023-03-07 00:00:00,Falta de Pago
1178,6024,2024-06-17 00:00:00,Solicitud
1179,25110,2030-04-15 00:00:00,Falta de Pago
1180,27903,2030-11-04 00:00:00,Solicitud
1181,22675,2026-10-15 00:00:00,Falta de Pago
1182,9547,2026-02-28 00:00:00,Solicitud
1183,1066,2022-06-17 00:00:00,Solicitud
1184,26642,2027-08-01 00:00:00,Falta de Pago
1185,9465,2024-02-22 00:00:00,Solicitud
1186,17641,2026-10-04 00:00:00,Solicitud
1187,2864,2022-10-27 00:00:00,Falta de Pago
1188,25258,2029-04-26 00:00:00,Solicitud
1189,21537,2029-07-23 00:00:00,Solicitud
1190,24672,2027-03-14 00:00:00,Solicitud
1191,12311,2025-09-15 00:00:00,Falta de Pago
1192,4918,2023-03-26 00:00:00,Falta de Pago
1193,13761,2025-12-26 00:00:00,Falta de Pago
1194,24531,2029-03-03 00:00:00,Solicitud
1195,10714,2024-05-21 00:00:00,Solicitud
1196,5165,2023-04-14 00:00:00,Falta de Pago
1197,28345,2028-12-05 00:00:00,Falta de Pago
1198,21843,2029-08-14 00:00:00,Solicitud
1199,20104,2028-04-07 00:00:00,Solicitud
1200,21915,2026-08-21 00:00:00,Falta de Pago
1201,2481,2023-09-29 00:00:00,Solicitud
1202,742,2024-05-26 00:00:00,Solicitud
1203,8892,2024-01-11 00:00:00,Solicitud
1204,4006,2023-01-16 00:00:00,Solicitud
1205,16862,2025-08-12 00:00:00,Falta de Pago
1206,16607,2025-07-24 00:00:00,Falta de Pago
1207,10165,2024-04-12 00:00:00,Solicitud
1208,15758,2025-05-24 00:00:00,Solicitud
1209,26385,2028-07-16 00:00:00,Falta de Pago
1210,11252,2025-07-01 00:00:00,Solicitud
1211,24953,2028-04-04 00:00:00,Solicitud
1212,7371,2023-09-21 00:00:00,Solicitud
1213,7046,2024-08-29 00:00:00,Solicitud
1214,12712,2024-10-15 00:00:00,Falta de Pago
1215,2172,2023-09-07 00:00:00,Solicitud
1216,1254,2022-06-29 00:00:00,Solicitud
1217,3805,2025-01-02 00:00:00,Solicitud
1218,16687,2025-07-30 00:00:00,Solicitud
1219,3649,2022-12-21 00:00:00,Falta de Pago
1220,11077,2024-06-16 00:00:00,Falta de Pago
1221,27398,2027-09-26 00:00:00,Falta de Pago
1222,9551,2025-02-28 00:00:00,Solicitud
1223,14825,2026-03-16 00:00:00,Falta de Pago
1224,18794,2025-12-30 00:00:00,Solicitud
1225,18013,2026-11-02 00:00:00,Falta de Pago
1226,6512,2024-07-23 00:00:00,Falta de Pago
1227,17573,2025-09-30 00:00:00,Falta de Pago
1228,27218,2027-09-12 00:00:00,Solicitud
1229,10271,2025-04-20 00:00:00,Falta de Pago
1230,12811,2026-10-22 00:00:00,Falta de Pago
1231,25514,2029-05-15 00:00:00,Solicitud
1232,12450,2024-09-25 00:00:00,Solicitud
1233,957,2023-06-09 00:00:00,Solicitud
1234,1739,2022-08-05 00:00:00,Falta de Pago
1235,21706,2026-08-04 00:00:00,Solicitud
1236,19760,2026-03-12 00:00:00,Solicitud
1237,10821,2025-05-30 00:00:00,Falta de Pago
1238,11494,2024-07-18 00:00:00,Solicitud
1239,6274,2023-07-05 00:00:00,Falta de Pago
1240,18289,2025-11-23 00:00:00,Falta de Pago
1241,17194,2025-09-04 00:00:00,Falta de Pago
1242,25075,2027-04-13 00:00:00,Falta de Pago
1243,14078,2025-01-19 00:00:00,Solicitud
1244,18712,2026-12-24 00:00:00,Falta de Pago
1245,20785,2026-05-27 00:00:00,Falta de Pago
1246,24722,2028-03-17 00:00:00,Solicitud
1247,14555,2025-02-24 00:00:00,Falta de Pago
1248,25843,2029-06-07 00:00:00,Falta de Pago
1249,15851,2026-05-31 00:00:00,Falta de Pago
1250,23558,2026-12-22 00:00:00,Falta de Pago
1251,6880,2024-08-17 00:00:00,Falta de Pago
1252,13930,2026-01-08 00:00:00,Falta de Pago
1253,12609,2026-10-08 00:00:00,Solicitud
1254,22207,2027-09-11 00:00:00,Solicitud
1255,2662,2022-10-13 00:00:00,Solicitud
1256,15689,2025-05-17 00:00:00,Falta de Pago
1257,793,2022-05-29 00:00:00,Falta de Pago
1258,4726,2023-03-12 00:00:00,Falta de Pago
1259,23570,2026-12-23 00:00:00,Solicitud
1260,9725,2024-03-14 00:00:00,Solicitud
1261,22120,2027-09-04 00:00:00,Falta de Pago
1262,10904,2025-06-04 00:00:00,Falta de Pago
1263,1943,2023-08-20 00:00:00,Solicitud
1264,3421,2022-12-05 00:00:00,Solicitud
1265,1204,2022-06-26 00:00:00,Solicitud
1266,9388,2024-02-16 00:00:00,Solicitud
1267,14671,2025-03-04 00:00:00,Falta de Pago
1268,7238,2024-09-12 00:00:00,Solicitud
1269,14963,2028-03-26 00:00:00,Falta de Pago
1270,8269,2023-11-30 00:00:00,Falta de Pago
1271,6215,2026-07-02 00:00:00,Falta de Pago
1272,12913,2024-10-30 00:00:00,Solicitud
1273,25901,2028-06-12 00:00:00,Solicitud
1274,5666,2023-05-22 00:00:00,Falta de Pago
1275,8144,2023-11-18 00:00:00,Solicitud
1276,10684,2024-05-20 00:00:00,Falta de Pago
1277,19238,2029-02-02 00:00:00,Falta de Pago
1278,20583,2026-05-13 00:00:00,Solicitud
1279,16997,2026-08-22 00:00:00,Solicitud
1280,5439,2024-05-05 00:00:00,Falta de Pago
1281,21816,2026-08-12 00:00:00,Falta de Pago
1282,24444,2027-02-25 00:00:00,Solicitud
1283,26135,2028-06-28 00:00:00,Solicitud
1284,1346,2024-07-07 00:00:00,Solicitud
1285,23969,2028-01-19 00:00:00,Falta de Pago
1286,2762,2025-10-20 00:00:00,Falta de Pago
1287,19525,2026-02-22 00:00:00,Falta de Pago
1288,8543,2024-12-19 00:00:00,Solicitud
1289,18184,2026-11-16 00:00:00,Solicitud
1290,1865,2022-08-14 00:00:00,Falta de Pago
1291,9963,2027-03-29 00:00:00,Falta de Pago
1292,25467,2027-05-11 00:00:00,Solicitud
1293,4397,2023-02-15 00:00:00,Falta de Pago
1294,17428,2025-09-21 00:00:00,Falta de Pago
1295,14883,2027-03-21 00:00:00,Solicitud
1296,10071,2025-04-05 00:00:00,Solicitud
1297,15920,2025-06-06 00:00:00,Falta de Pago
1298,22006,2026-08-28 00:00:00,Falta de Pago
1299,14795,2027-03-14 00:00:00,Falta de Pago
1300,7452,2024-09-26 00:00:00,Solicitud
1301,12378,2025-09-21 00:00:00,Falta de Pago
1302,19695,2026-03-07 00:00:00,Solicitud
1303,4937,2023-03-28 00:00:00,Solicitud
1304,9193,2027-02-01 00:00:00,Falta de Pago
1305,17410,2026-09-19 00:00:00,Alteración de riesgo
1306,17009,2027-08-23 00:00:00,Falta de Pago
1307,18074,2026-11-08 00:00:00,Falta de Pago
1308,10366,2024-04-27 00:00:00,Solicitud
1309,1800,2022-08-11 00:00:00,Solicitud
1310,22413,2026-09-25 00:00:00,Falta de Pago
1311,16057,2026-06-16 00:00:00,Solicitud
1312,25194,2027-04-22 00:00:00,Falta de Pago
1313,27603,2028-10-11 00:00:00,Solicitud
1314,24065,2027-01-26 00:00:00,Falta de Pago
1315,8712,2023-12-30 00:00:00,Solicitud
1316,16381,2026-07-09 00:00:00,Falta de Pago
1317,13343,2024-11-28 00:00:00,Falta de Pago
1318,26904,2027-08-20 00:00:00,Solicitud
1319,11360,2025-07-09 00:00:00,Solicitud
1320,2908,2025-10-30 00:00:00,Solicitud
1321,22435,2027-09-27 00:00:00,Solicitud
1322,14176,2026-01-28 00:00:00,Falta de Pago
1323,27565,2028-10-08 00:00:00,Falta de Pago
1324,5781,2024-05-31 00:00:00,Solicitud
1325,6865,2024-08-15 00:00:00,Falta de Pago
1326,8538,2024-12-18 00:00:00,Falta de Pago
1327,6263,2024-07-04 00:00:00,Falta de Pago
1328,19045,2026-01-18 00:00:00,Falta de Pago
1329,25294,2028-04-29 00:00:00,Falta de Pago
1330,11976,2024-08-20 00:00:00,Falta de Pago
1331,23639,2026-12-27 00:00:00,Solicitud
1332,19942,2026-03-26 00:00:00,Solicitud
1333,7506,2024-10-01 00:00:00,Falta de Pago
1334,16187,2026-06-26 00:00:00,Falta de Pago
1335,7355,2024-09-20 00:00:00,Solicitud
1336,9839,2025-03-21 00:00:00,Falta de Pago
1337,4349,2024-02-11 00:00:00,Solicitud
1338,22169,2028-09-08 00:00:00,Solicitud
1339,1451,2022-07-15 00:00:00,Solicitud
1340,10941,2027-06-07 00:00:00,Solicitud
1341,28584,2027-12-22 00:00:00,Falta de Pago
1342,19461,2026-02-17 00:00:00,Solicitud
1343,22067,2027-09-01 00:00:00,Falta de Pago
1344,6757,2026-08-08 00:00:00,Falta de Pago
1345,11402,2025-07-12 00:00:00,Solicitud
1346,12276,2024-09-12 00:00:00,Solicitud
1347,14085,2028-01-19 00:00:00,Falta de Pago
1348,25555,2030-05-17 00:00:00,Falta de Pago
1349,23584,2026-12-23 00:00:00,Solicitud
1350,24768,2027-03-21 00:00:00,Falta de Pago
1351,2102,2023-09-01 00:00:00,Solicitud
1352,9598,2024-03-03 00:00:00,Falta de Pago
1353,3686,2022-12-24 00:00:00,Falta de Pago
1354,21312,2027-07-06 00:00:00,Falta de Pago
1355,12032,2024-08-25 00:00:00,Solicitud
1356,25192,2028-04-22 00:00:00,Solicitud
1357,17513,2026-09-27 00:00:00,Falta de Pago
1358,10897,2024-06-03 00:00:00,Falta de Pago
1359,5494,2024-05-09 00:00:00,Alteración de riesgo
1360,669,2022-05-21 00:00:00,Falta de Pago
1361,22471,2029-09-30 00:00:00,Falta de Pago
1362,27206,2028-09-11 00:00:00,Falta de Pago
1363,11704,2026-08-03 00:00:00,Solicitud
1364,12050,2024-08-27 00:00:00,Solicitud
1365,20509,2028-05-08 00:00:00,Solicitud
1366,21554,2026-07-24 00:00:00,Falta de Pago
1367,6835,2023-08-13 00:00:00,Falta de Pago
1368,12327,2026-09-16 00:00:00,Falta de Pago
1369,6688,2024-08-04 00:00:00,Falta de Pago
1370,2096,2022-09-01 00:00:00,Falta de Pago
1371,1067,2023-06-17 00:00:00,Solicitud
1372,9795,2024-03-18 00:00:00,Solicitud
1373,18526,2025-12-09 00:00:00,Falta de Pago
1374,5159,2024-04-13 00:00:00,Solicitud
1375,953,2024-06-09 00:00:00,Falta de Pago
1376,1982,2023-08-23 00:00:00,Solicitud
1377,6636,2024-08-01 00:00:00,Solicitud
1378,17255,2025-09-08 00:00:00,Falta de Pago
1379,19244,2026-02-02 00:00:00,Solicitud
1380,3758,2023-12-30 00:00:00,Falta de Pago
1381,23966,2030-01-19 00:00:00,Falta de Pago
1382,15606,2025-05-12 00:00:00,Solicitud
1383,5242,2023-04-20 00:00:00,Falta de Pago
1384,17092,2026-08-29 00:00:00,Falta de Pago
1385,21553,2026-07-24 00:00:00,Solicitud
1386,28593,2027-12-22 00:00:00,Solicitud
1387,14466,2026-02-17 00:00:00,Solicitud
1388,17883,2025-10-22 00:00:00,Solicitud
1389,13361,2025-11-29 00:00:00,Solicitud
1390,21728,2026-08-06 00:00:00,Falta de Pago
1391,23980,2029-01-20 00:00:00,Falta de Pago
1392,12816,2025-10-22 00:00:00,Solicitud
1393,7639,2023-10-10 00:00:00,Solicitud
1394,15706,2027-05-19 00:00:00,Falta de Pago
1395,4376,2023-02-13 00:00:00,Falta de Pago
1396,9531,2024-02-26 00:00:00,Falta de Pago
1397,8948,2025-01-15 00:00:00,Solicitud
1398,27337,2027-09-22 00:00:00,Solicitud
1399,3888,2024-01-07 00:00:00,Solicitud
1400,21467,2029-07-18 00:00:00,Solicitud
1401,23456,2027-12-14 00:00:00,Falta de Pago
1402,22442,2027-09-27 00:00:00,Solicitud
1403,10162,2027-04-11 00:00:00,Falta de Pago
1404,7784,2025-10-21 00:00:00,Solicitud
1405,28522,2027-12-17 00:00:00,Falta de Pago
1406,27561,2027-10-08 00:00:00,Falta de Pago
1407,12167,2024-09-05 00:00:00,Solicitud
1408,3171,2022-11-17 00:00:00,Solicitud
1409,21765,2029-08-09 00:00:00,Falta de Pago
1410,3886,2024-01-07 00:00:00,Solicitud
1411,24577,2028-03-07 00:00:00,Solicitud
1412,514,2022-05-12 00:00:00,Falta de Pago
1413,19722,2027-03-09 00:00:00,Falta de Pago
1414,13775,2025-12-27 00:00:00,Falta de Pago
1415,14524,2027-02-22 00:00:00,Solicitud
1416,22985,2027-11-07 00:00:00,Solicitud
1417,18733,2026-12-26 00:00:00,Solicitud
1418,3327,2022-11-29 00:00:00,Falta de Pago
1419,20311,2028-04-23 00:00:00,Solicitud
1420,12256,2024-09-10 00:00:00,Solicitud
1421,17267,2026-09-10 00:00:00,Falta de Pago
1422,18969,2028-01-12 00:00:00,Falta de Pago
1423,2060,2022-08-29 00:00:00,Solicitud
1424,22803,2026-10-25 00:00:00,Falta de Pago
1425,27256,2027-09-15 00:00:00,Falta de Pago
1426,14784,2026-03-13 00:00:00,Solicitud
1427,12650,2024-10-11 00:00:00,Solicitud
1428,1989,2023-08-24 00:00:00,Solicitud
1429,6509,2024-07-23 00:00:00,Falta de Pago
1430,6158,2023-06-27 00:00:00,Falta de Pago
1431,15622,2027-05-13 00:00:00,Falta de Pago
1432,23712,2028-01-01 00:00:00,Falta de Pago
1433,23051,2027-11-13 00:00:00,Falta de Pago
1434,11217,2026-06-28 00:00:00,Falta de Pago
1435,17491,2025-09-25 00:00:00,Falta de Pago
1436,9381,2025-02-16 00:00:00,Falta de Pago
1437,17008,2025-08-23 00:00:00,Falta de Pago
1438,20,2023-04-02 00:00:00,Falta de Pago
1439,3448,2022-12-07 00:00:00,Solicitud
1440,16590,2025-07-23 00:00:00,Falta de Pago
1441,8834,2024-01-07 00:00:00,Solicitud
1442,16811,2025-08-08 00:00:00,Solicitud
1443,7838,2023-10-26 00:00:00,Falta de Pago
1444,5523,2023-05-12 00:00:00,Falta de Pago
1445,8757,2026-01-02 00:00:00,Solicitud
1446,256,2022-04-22 00:00:00,Falta de Pago
1447,15069,2025-04-04 00:00:00,Solicitud
1448,22894,2027-10-31 00:00:00,Falta de Pago
1449,21,2024-04-02 00:00:00,Falta de Pago
1450,9895,2027-03-24 00:00:00,Solicitud
1451,4952,2025-03-29 00:00:00,Falta de Pago
1452,13737,2025-12-24 00:00:00,Solicitud
1453,14704,2025-03-07 00:00:00,Solicitud
1454,13532,2026-12-11 00:00:00,Falta de Pago
1455,26191,2028-07-02 00:00:00,Falta de Pago
1456,7917,2024-11-01 00:00:00,Solicitud
1457,20892,2026-06-04 00:00:00,Solicitud
1458,12716,2024-10-15 00:00:00,Falta de Pago
1459,288,2023-04-25 00:00:00,Solicitud
1460,7247,2025-09-13 00:00:00,Solicitud
1461,4061,2025-01-21 00:00:00,Falta de Pago
1462,20510,2026-05-08 00:00:00,Falta de Pago
1463,22654,2026-10-14 00:00:00,Solicitud
1464,21730,2026-08-06 00:00:00,Solicitud
1465,22861,2026-10-28 00:00:00,Solicitud
1466,15147,2027-04-09 00:00:00,Falta de Pago
1467,26358,2027-07-14 00:00:00,Solicitud
1468,13752,2024-12-25 00:00:00,Solicitud
1469,28428,2028-12-10 00:00:00,Falta de Pago
1470,2308,2022-09-16 00:00:00,Falta de Pago
1471,25579,2027-05-19 00:00:00,Solicitud
1472,10169,2027-04-13 00:00:00,Falta de Pago
1473,10833,2024-05-30 00:00:00,Falta de Pago
1474,14053,2026-01-17 00:00:00,Solicitud
1475,1822,2023-08-12 00:00:00,Falta de Pago
1476,22094,2027-09-03 00:00:00,Falta de Pago
1477,20643,2028-05-17 00:00:00,Falta de Pago
1478,7495,2023-09-29 00:00:00,Falta de Pago
1479,18426,2025-12-02 00:00:00,Falta de Pago
1480,26026,2029-06-20 00:00:00,Falta de Pago
1481,21602,2026-07-27 00:00:00,Falta de Pago
1482,6745,2023-08-07 00:00:00,Solicitud
1483,19989,2027-03-29 00:00:00,Solicitud
1484,23135,2027-11-19 00:00:00,Falta de Pago
1485,21978,2027-08-25 00:00:00,Solicitud
1486,10670,2024-05-19 00:00:00,Solicitud
1487,2074,2022-08-30 00:00:00,Solicitud
1488,20168,2027-04-13 00:00:00,Solicitud
1489,28000,2027-11-10 00:00:00,Falta de Pago
1490,22019,2026-08-29 00:00:00,Solicitud
1491,19413,2027-02-13 00:00:00,Solicitud
1492,640,2023-05-19 00:00:00,Falta de Pago
1493,22884,2027-10-30 00:00:00,Falta de Pago
1494,15207,2027-04-13 00:00:00,Solicitud
1495,13422,2024-12-04 00:00:00,Falta de Pago
1496,26195,2029-07-02 00:00:00,Falta de Pago
1497,1123,2024-06-21 00:00:00,Falta de Pago
1498,18495,2025-12-07 00:00:00,Falta de Pago
1499,19997,2026-03-29 00:00:00,Solicitud
1500,17798,2027-10-16 00:00:00,Solicitud
1501,24882,2027-03-29 00:00:00,Solicitud
1502,2292,2023-09-15 00:00:00,Solicitud
1503,7411,2024-09-24 00:00:00,Solicitud
1504,20515,2027-05-09 00:00:00,Solicitud
1505,7744,2024-10-18 00:00:00,Falta de Pago
1506,12106,2024-08-31 00:00:00,Falta de Pago
1507,18269,2025-11-22 00:00:00,Falta de Pago
1508,15374,2025-04-23 00:00:00,Solicitud
1509,3069,2023-11-09 00:00:00,Solicitud
1510,8686,2026-12-29 00:00:00,Falta de Pago
1511,19230,2026-02-01 00:00:00,Falta de Pago
1512,26959,2028-08-25 00:00:00,Falta de Pago
1513,5325,2024-04-27 00:00:00,Solicitud
1514,14014,2027-01-14 00:00:00,Falta de Pago
1515,19450,2026-02-16 00:00:00,Falta de Pago
1516,7250,2025-09-13 00:00:00,Falta de Pago
1517,43,2022-04-04 00:00:00,Solicitud
1518,24360,2028-02-18 00:00:00,Falta de Pago
1519,18294,2027-11-23 00:00:00,Falta de Pago
1520,14239,2026-02-02 00:00:00,Falta de Pago
1521,5320,2025-04-26 00:00:00,Falta de Pago
1522,15430,2028-04-28 00:00:00,Solicitud
1523,4596,2023-03-03 00:00:00,Solicitud
1524,16698,2026-07-30 00:00:00,Solicitud
1525,15144,2026-04-09 00:00:00,Solicitud
1526,13227,2024-11-19 00:00:00,Falta de Pago
1527,1898,2022-08-17 00:00:00,Solicitud
1528,8879,2026-01-10 00:00:00,Solicitud
1529,8155,2023-11-19 00:00:00,Solicitud
1530,10873,2025-06-02 00:00:00,Solicitud
1531,3325,2022-11-29 00:00:00,Solicitud
1532,24135,2027-02-01 00:00:00,Solicitud
1533,13237,2025-11-20 00:00:00,Falta de Pago
1534,19914,2026-03-24 00:00:00,Falta de Pago
1535,4731,2023-03-13 00:00:00,Solicitud
1536,12558,2024-10-04 00:00:00,Falta de Pago
1537,20336,2028-04-26 00:00:00,Falta de Pago
1538,7188,2024-09-08 00:00:00,Solicitud
1539,770,2022-05-28 00:00:00,Falta de Pago
1540,24449,2028-02-25 00:00:00,Falta de Pago
1541,18895,2026-01-06 00:00:00,Solicitud
1542,28115,2027-11-19 00:00:00,Solicitud
1543,7890,2023-10-30 00:00:00,Falta de Pago
1544,13847,2026-01-02 00:00:00,Solicitud
1545,21845,2026-08-15 00:00:00,Falta de Pago
1546,25624,2027-05-21 00:00:00,Solicitud
1547,14010,2027-01-14 00:00:00,Falta de Pago
1548,4715,2023-03-12 00:00:00,Falta de Pago
1549,17763,2026-10-13 00:00:00,Falta de Pago
1550,22197,2027-09-10 00:00:00,Falta de Pago
1551,12771,2026-10-20 00:00:00,Solicitud
1552,5327,2023-04-27 00:00:00,Solicitud
1553,18265,2026-11-21 00:00:00,Solicitud
1554,21382,2027-07-11 00:00:00,Falta de Pago
1555,16265,2027-07-01 00:00:00,Solicitud
1556,23138,2027-11-19 00:00:00,Falta de Pago
1557,19101,2027-01-23 00:00:00,Solicitud
1558,13137,2024-11-14 00:00:00,Falta de Pago
1559,5812,2025-06-02 00:00:00,Falta de Pago
1560,23518,2027-12-19 00:00:00,Falta de Pago
1561,18617,2025-12-17 00:00:00,Falta de Pago
1562,14941,2026-03-25 00:00:00,Falta de Pago
1563,20561,2027-05-12 00:00:00,Falta de Pago
1564,13628,2026-12-18 00:00:00,Solicitud
1565,15195,2026-04-12 00:00:00,Solicitud
1566,7486,2023-09-29 00:00:00,Falta de Pago
1567,21677,2026-08-02 00:00:00,Falta de Pago
1568,6005,2024-06-16 00:00:00,Falta de Pago
1569,5094,2024-04-09 00:00:00,Falta de Pago
1570,28259,2028-11-29 00:00:00,Solicitud
1571,19355,2026-02-09 00:00:00,Solicitud
1572,4741,2023-03-14 00:00:00,Solicitud
1573,17373,2026-09-17 00:00:00,Falta de Pago
1574,10443,2024-05-03 00:00:00,Solicitud
1575,19206,2027-01-30 00:00:00,Falta de Pago
1576,20455,2028-05-03 00:00:00,Solicitud
1577,20726,2027-05-23 00:00:00,Solicitud
1578,10647,2025-05-18 00:00:00,Falta de Pago
1579,21273,2026-07-03 00:00:00,Falta de Pago
1580,2844,2022-10-26 00:00:00,Solicitud
1581,4684,2024-03-09 00:00:00,Solicitud
1582,27476,2028-10-01 00:00:00,Falta de Pago
1583,16267,2026-07-01 00:00:00,Solicitud
1584,3957,2024-01-12 00:00:00,Falta de Pago
1585,27113,2030-09-05 00:00:00,Solicitud
1586,5731,2024-05-27 00:00:00,Solicitud
1587,12908,2024-10-29 00:00:00,Falta de Pago
1588,19791,2026-03-14 00:00:00,Solicitud
1589,5212,2024-04-18 00:00:00,Falta de Pago
1590,2589,2022-10-06 00:00:00,Falta de Pago
1591,8868,2024-01-10 00:00:00,Alteración de riesgo
1592,14490,2025-02-19 00:00:00,Solicitud
1593,26653,2028-08-02 00:00:00,Falta de Pago
1594,24618,2029-03-09 00:00:00,Solicitud
1595,8148,2023-11-19 00:00:00,Solicitud
1596,1944,2022-08-20 00:00:00,Falta de Pago
1597,19597,2027-02-27 00:00:00,Falta de Pago
1598,17610,2026-10-02 00:00:00,Falta de Pago
1599,9322,2025-02-11 00:00:00,Solicitud
1600,22059,2027-08-31 00:00:00,Falta de Pago
1601,10186,2027-04-14 00:00:00,Solicitud
1602,19095,2026-01-22 00:00:00,Falta de Pago
1603,8005,2024-11-08 00:00:00,Solicitud
1604,22745,2026-10-21 00:00:00,Falta de Pago
1605,2872,2023-10-28 00:00:00,Falta de Pago
1606,10105,2024-04-07 00:00:00,Solicitud
1607,24089,2027-01-28 00:00:00,Falta de Pago
1608,26706,2027-08-06 00:00:00,Falta de Pago
1609,27240,2027-09-14 00:00:00,Solicitud
1610,23788,2027-01-06 00:00:00,Falta de Pago
1611,16251,2025-06-30 00:00:00,Solicitud
1612,24974,2027-04-06 00:00:00,Falta de Pago
1613,2858,2023-10-27 00:00:00,Solicitud
1614,18359,2026-11-28 00:00:00,Falta de Pago
1615,25082,2028-04-13 00:00:00,Solicitud
1616,12046,2025-08-26 00:00:00,Falta de Pago
1617,14675,2026-03-05 00:00:00,Solicitud
1618,12875,2024-10-27 00:00:00,Solicitud
1619,16356,2025-07-07 00:00:00,Falta de Pago
1620,25690,2029-05-27 00:00:00,Falta de Pago
1621,14074,2026-01-19 00:00:00,Falta de Pago
1622,6441,2024-07-18 00:00:00,Solicitud
1623,4625,2023-03-05 00:00:00,Solicitud
1624,22441,2027-09-27 00:00:00,Solicitud
1625,14892,2025-03-21 00:00:00,Falta de Pago
1626,2333,2023-09-18 00:00:00,Solicitud
1627,10952,2024-06-08 00:00:00,Falta de Pago
1628,28717,2027-12-31 00:00:00,Falta de Pago
1629,5961,2023-06-13 00:00:00,Solicitud
1630,25621,2029-05-21 00:00:00,Falta de Pago
1631,10266,2025-04-20 00:00:00,Falta de Pago
1632,16367,2027-07-08 00:00:00,Falta de Pago
1633,13457,2025-12-06 00:00:00,Solicitud
1634,9210,2025-02-02 00:00:00,Falta de Pago
1635,26655,2028-08-02 00:00:00,Falta de Pago
1636,20648,2027-05-17 00:00:00,Solicitud
1637,19158,2029-01-27 00:00:00,Solicitud
1638,8765,2025-01-03 00:00:00,Falta de Pago
1639,21962,2026-08-24 00:00:00,Solicitud
1640,24533,2029-03-03 00:00:00,Solicitud
1641,9969,2024-03-30 00:00:00,Falta de Pago
1642,9649,2027-03-07 00:00:00,Falta de Pago
1643,13517,2024-12-11 00:00:00,Falta de Pago
1644,4285,2023-02-06 00:00:00,Solicitud
1645,10591,2025-05-13 00:00:00,Falta de Pago
1646,6980,2025-08-24 00:00:00,Solicitud
1647,12614,2025-10-08 00:00:00,Falta de Pago
1648,16570,2026-07-22 00:00:00,Solicitud
1649,13305,2026-11-25 00:00:00,Solicitud
1650,6034,2024-06-18 00:00:00,Falta de Pago
1651,11248,2025-07-01 00:00:00,Falta de Pago
1652,11429,2025-07-13 00:00:00,Solicitud
1653,7933,2024-11-02 00:00:00,Solicitud
1654,14512,2025-02-21 00:00:00,Falta de Pago
1655,4139,2024-01-25 00:00:00,Falta de Pago
1656,27619,2028-10-12 00:00:00,Solicitud
1657,19776,2026-03-13 00:00:00,Falta de Pago
1658,3151,2023-11-15 00:00:00,Falta de Pago
1659,25825,2029-06-06 00:00:00,Solicitud
1660,17969,2026-10-29 00:00:00,Falta de Pago
1661,1729,2022-08-05 00:00:00,Falta de Pago
1662,10022,2026-04-02 00:00:00,Falta de Pago
1663,25509,2027-05-14 00:00:00,Falta de Pago
1664,28217,2027-11-25 00:00:00,Falta de Pago
1665,22111,2029-09-04 00:00:00,Falta de Pago
1666,17806,2025-10-16 00:00:00,Solicitud
1667,11796,2025-08-09 00:00:00,Solicitud
1668,20727,2028-05-24 00:00:00,Solicitud
1669,10048,2024-04-04 00:00:00,Solicitud
1670,26782,2027-08-11 00:00:00,Falta de Pago
1671,28075,2027-11-16 00:00:00,Falta de Pago
1672,2870,2022-10-28 00:00:00,Falta de Pago
1673,17087,2025-08-29 00:00:00,Solicitud
1674,18724,2027-12-25 00:00:00,Falta de Pago
1675,2351,2022-09-19 00:00:00,Solicitud
1676,14862,2025-03-19 00:00:00,Solicitud
1677,18575,2026-12-14 00:00:00,Solicitud
1678,9246,2024-02-06 00:00:00,Solicitud
1679,20544,2026-05-10 00:00:00,Solicitud
1680,27287,2027-09-18 00:00:00,Solicitud
1681,17643,2026-10-05 00:00:00,Falta de Pago
1682,21345,2026-07-09 00:00:00,Solicitud
1683,4540,2024-02-26 00:00:00,Falta de Pago
1684,10404,2024-04-30 00:00:00,Solicitud
1685,3554,2024-12-14 00:00:00,Solicitud
1686,19861,2027-03-19 00:00:00,Falta de Pago
1687,13663,2024-12-20 00:00:00,Falta de Pago
1688,7903,2023-10-31 00:00:00,Alteración de riesgo
1689,21875,2027-08-17 00:00:00,Falta de Pago
1690,24132,2028-02-01 00:00:00,Solicitud
1691,28506,2027-12-16 00:00:00,Falta de Pago
1692,2546,2022-10-04 00:00:00,Falta de Pago
1693,10882,2024-06-02 00:00:00,Solicitud
1694,20845,2028-05-31 00:00:00,Falta de Pago
1695,8722,2024-12-31 00:00:00,Solicitud
1696,8778,2024-01-04 00:00:00,Solicitud
1697,7943,2026-11-03 00:00:00,Falta de Pago
1698,11008,2025-06-11 00:00:00,Falta de Pago
1699,2736,2022-10-18 00:00:00,Solicitud
1700,7156,2024-09-05 00:00:00,Solicitud
1701,10233,2027-04-18 00:00:00,Falta de Pago
1702,17728,2025-10-10 00:00:00,Falta de Pago
1703,2514,2022-10-01 00:00:00,Falta de Pago
1704,18536,2025-12-10 00:00:00,Falta de Pago
1705,9721,2024-03-13 00:00:00,Falta de Pago
1706,174,2022-04-15 00:00:00,Solicitud
1707,1539,2023-07-23 00:00:00,Falta de Pago
1708,27658,2027-10-15 00:00:00,Solicitud
1709,2700,2022-10-16 00:00:00,Falta de Pago
1710,4711,2025-03-12 00:00:00,Falta de Pago
1711,28631,2027-12-25 00:00:00,Falta de Pago
1712,11486,2027-07-18 00:00:00,Solicitud
1713,2968,2024-11-03 00:00:00,Solicitud
1714,5908,2023-06-09 00:00:00,Solicitud
1715,23544,2027-12-21 00:00:00,Solicitud
1716,9002,2025-01-19 00:00:00,Solicitud
1717,12369,2025-09-20 00:00:00,Falta de Pago
1718,16681,2025-07-29 00:00:00,Solicitud
1719,24288,2027-02-12 00:00:00,Solicitud
1720,25666,2028-05-25 00:00:00,Falta de Pago
1721,22739,2027-10-20 00:00:00,Falta de Pago
1722,18774,2027-12-29 00:00:00,Falta de Pago
1723,24185,2029-02-05 00:00:00,Falta de Pago
1724,6677,2024-08-03 00:00:00,Solicitud
1725,18192,2025-11-16 00:00:00,Falta de Pago
1726,14789,2025-03-14 00:00:00,Solicitud
1727,23691,2026-12-31 00:00:00,Solicitud
1728,6565,2026-07-27 00:00:00,Falta de Pago
1729,17226,2026-09-06 00:00:00,Solicitud
1730,20001,2027-03-30 00:00:00,Solicitud
1731,19697,2027-03-07 00:00:00,Falta de Pago
1732,25002,2028-04-08 00:00:00,Solicitud
1733,26193,2027-07-02 00:00:00,Solicitud
1734,20479,2026-05-05 00:00:00,Solicitud
1735,11399,2024-07-11 00:00:00,Falta de Pago
1736,22245,2029-09-14 00:00:00,Solicitud
1737,7222,2023-09-11 00:00:00,Falta de Pago
1738,18059,2025-11-07 00:00:00,Falta de Pago
1739,5521,2023-05-12 00:00:00,Solicitud
1740,2003,2023-08-25 00:00:00,Falta de Pago
1741,28518,2028-12-17 00:00:00,Solicitud
1742,16729,2025-08-02 00:00:00,Falta de Pago
1743,6144,2023-06-26 00:00:00,Falta de Pago
1744,6945,2025-08-21 00:00:00,Solicitud
1745,1492,2022-07-19 00:00:00,Falta de Pago
1746,14306,2025-02-06 00:00:00,Falta de Pago
1747,690,2023-05-22 00:00:00,Solicitud
1748,26348,2030-07-14 00:00:00,Alteración de riesgo
1749,7299,2023-09-16 00:00:00,Falta de Pago
1750,3720,2022-12-27 00:00:00,Falta de Pago
1751,27394,2027-09-25 00:00:00,Solicitud
1752,22902,2027-11-01 00:00:00,Solicitud
1753,1149,2022-06-23 00:00:00,Falta de Pago
1754,1534,2022-07-22 00:00:00,Falta de Pago
1755,10237,2024-04-18 00:00:00,Solicitud
1756,12438,2025-09-25 00:00:00,Falta de Pago
1757,15493,2026-05-03 00:00:00,Falta de Pago
1758,28354,2027-12-06 00:00:00,Solicitud
1759,17095,2027-08-29 00:00:00,Solicitud
1760,5833,2024-06-03 00:00:00,Falta de Pago
1761,2615,2022-10-09 00:00:00,Solicitud
1762,4657,2023-03-08 00:00:00,Falta de Pago
1763,15177,2026-04-11 00:00:00,Solicitud
1764,13333,2024-11-27 00:00:00,Falta de Pago
1765,23560,2027-12-22 00:00:00,Falta de Pago
1766,4101,2025-01-23 00:00:00,Falta de Pago
1767,14853,2025-03-19 00:00:00,Falta de Pago
1768,2545,2022-10-04 00:00:00,Falta de Pago
1769,8737,2025-01-01 00:00:00,Solicitud
1770,22238,2027-09-13 00:00:00,Falta de Pago
1771,2008,2024-08-25 00:00:00,Falta de Pago
1772,15323,2026-04-19 00:00:00,Solicitud
1773,20729,2026-05-24 00:00:00,Solicitud
1774,4587,2024-03-03 00:00:00,Falta de Pago
1775,24391,2028-02-21 00:00:00,Falta de Pago
1776,15116,2026-04-07 00:00:00,Solicitud
1777,22150,2026-09-07 00:00:00,Solicitud
1778,19478,2026-02-18 00:00:00,Falta de Pago
1779,13796,2024-12-29 00:00:00,Falta de Pago
1780,9936,2025-03-28 00:00:00,Falta de Pago
1781,16603,2027-07-24 00:00:00,Alteración de riesgo
1782,10814,2024-05-29 00:00:00,Falta de Pago
1783,28180,2027-11-22 00:00:00,Solicitud
1784,11789,2025-08-08 00:00:00,Solicitud
1785,14630,2026-03-01 00:00:00,Falta de Pago
1786,8701,2024-12-29 00:00:00,Solicitud
1787,6285,2023-07-06 00:00:00,Solicitud
1788,21531,2027-07-23 00:00:00,Falta de Pago
1789,28335,2027-12-04 00:00:00,Falta de Pago
1790,19769,2027-03-13 00:00:00,Falta de Pago
1791,10636,2026-05-17 00:00:00,Solicitud
1792,12509,2024-09-30 00:00:00,Solicitud
1793,12387,2026-09-22 00:00:00,Falta de Pago
1794,12849,2024-10-24 00:00:00,Solicitud
1795,24138,2028-02-01 00:00:00,Falta de Pago
1796,22799,2028-10-24 00:00:00,Alteración de riesgo
1797,15270,2028-04-15 00:00:00,Solicitud
1798,11441,2025-07-14 00:00:00,Falta de Pago
1799,15335,2026-04-20 00:00:00,Falta de Pago
1800,3580,2022-12-15 00:00:00,Falta de Pago
1801,16686,2025-07-30 00:00:00,Solicitud
1802,28312,2027-12-03 00:00:00,Falta de Pago
1803,24110,2029-01-30 00:00:00,Falta de Pago
1804,12952,2024-11-01 00:00:00,Falta de Pago
1805,5719,2023-05-26 00:00:00,Falta de Pago
1806,10629,2024-05-16 00:00:00,Solicitud
1807,2935,2022-11-01 00:00:00,Falta de Pago
1808,21856,2027-08-15 00:00:00,Falta de Pago
1809,13212,2024-11-18 00:00:00,Solicitud
1810,19664,2026-03-04 00:00:00,Falta de Pago
1811,13711,2026-12-22 00:00:00,Falta de Pago
1812,3568,2023-12-14 00:00:00,Solicitud
1813,23795,2027-01-06 00:00:00,Falta de Pago
1814,19290,2026-02-04 00:00:00,Falta de Pago
1815,12474,2025-09-28 00:00:00,Falta de Pago
1816,12994,2024-11-04 00:00:00,Alteración de riesgo
1817,24576,2028-03-07 00:00:00,Falta de Pago
1818,12385,2025-09-21 00:00:00,Falta de Pago
1819,10896,2024-06-03 00:00:00,Solicitud
1820,12603,2024-10-07 00:00:00,Solicitud
1821,25425,2027-05-08 00:00:00,Falta de Pago
1822,17931,2028-10-26 00:00:00,Falta de Pago
1823,7405,2023-09-23 00:00:00,Falta de Pago
1824,9012,2024-01-20 00:00:00,Falta de Pago
1825,1025,2022-06-14 00:00:00,Solicitud
1826,3285,2023-11-27 00:00:00,Falta de Pago
1827,1304,2023-07-04 00:00:00,Solicitud
1828,13044,2025-11-08 00:00:00,Solicitud
1829,1514,2024-07-21 00:00:00,Solicitud
1830,25443,2027-05-10 00:00:00,Falta de Pago
1831,20871,2026-06-03 00:00:00,Solicitud
1832,16280,2027-07-02 00:00:00,Solicitud
1833,11425,2025-07-13 00:00:00,Falta de Pago
1834,21097,2026-06-20 00:00:00,Falta de Pago
1835,6887,2024-08-17 00:00:00,Solicitud
1836,11656,2025-07-30 00:00:00,Falta de Pago
1837,20034,2027-04-01 00:00:00,Solicitud
1838,7438,2023-09-25 00:00:00,Falta de Pago
1839,16850,2026-08-10 00:00:00,Solicitud
1840,22056,2026-08-31 00:00:00,Falta de Pago
1841,16859,2026-08-11 00:00:00,Falta de Pago
1842,13134,2026-11-14 00:00:00,Falta de Pago
1843,1553,2023-07-24 00:00:00,Solicitud
1844,9518,2027-02-25 00:00:00,Falta de Pago
1845,17209,2025-09-05 00:00:00,Falta de Pago
1846,11772,2025-08-07 00:00:00,Falta de Pago
1847,7227,2023-09-11 00:00:00,Solicitud
1848,12152,2024-09-03 00:00:00,Solicitud
1849,10181,2024-04-14 00:00:00,Solicitud
1850,5814,2023-06-02 00:00:00,Solicitud
1851,22105,2027-09-04 00:00:00,Solicitud
1852,1219,2022-06-27 00:00:00,Falta de Pago
1853,18152,2027-11-13 00:00:00,Solicitud
1854,18629,2026-12-18 00:00:00,Falta de Pago
1855,20601,2028-05-14 00:00:00,Solicitud
1856,19863,2027-03-19 00:00:00,Solicitud
1857,3499,2022-12-10 00:00:00,Solicitud
1858,6772,2023-08-09 00:00:00,Falta de Pago
1859,6145,2023-06-27 00:00:00,Falta de Pago
1860,20423,2026-05-01 00:00:00,Falta de Pago
1861,6627,2025-07-31 00:00:00,Solicitud
1862,10130,2024-04-09 00:00:00,Solicitud
1863,10601,2026-05-14 00:00:00,Solicitud
1864,7720,2023-10-16 00:00:00,Falta de Pago
1865,20695,2029-05-21 00:00:00,Solicitud
1866,2259,2022-09-12 00:00:00,Solicitud
1867,20369,2029-04-28 00:00:00,Solicitud
1868,686,2024-05-22 00:00:00,Solicitud
1869,14717,2026-03-08 00:00:00,Falta de Pago
1870,6206,2025-07-01 00:00:00,Falta de Pago
1871,10683,2025-05-20 00:00:00,Falta de Pago
1872,8173,2023-11-20 00:00:00,Falta de Pago
1873,20063,2026-04-03 00:00:00,Solicitud
1874,3472,2025-12-08 00:00:00,Falta de Pago
1875,4846,2023-03-21 00:00:00,Falta de Pago
1876,5678,2023-05-23 00:00:00,Solicitud
1877,13192,2024-11-17 00:00:00,Falta de Pago
1878,11271,2024-07-02 00:00:00,Falta de Pago
1879,17413,2025-09-20 00:00:00,Solicitud
1880,26622,2027-07-31 00:00:00,Solicitud
1881,10230,2024-04-18 00:00:00,Solicitud
1882,21232,2028-07-01 00:00:00,Falta de Pago
1883,25340,2030-05-03 00:00:00,Falta de Pago
1884,16463,2025-07-14 00:00:00,Falta de Pago
1885,23361,2026-12-07 00:00:00,Falta de Pago
1886,12090,2024-08-30 00:00:00,Falta de Pago
1887,13578,2024-12-14 00:00:00,Falta de Pago
1888,8898,2026-01-12 00:00:00,Falta de Pago
1889,23072,2026-11-14 00:00:00,Falta de Pago
1890,8849,2025-01-09 00:00:00,Falta de Pago
1891,10333,2024-04-25 00:00:00,Solicitud
1892,1020,2023-06-13 00:00:00,Solicitud
1893,4037,2023-01-19 00:00:00,Falta de Pago
1894,28445,2027-12-12 00:00:00,Solicitud
1895,27011,2028-08-29 00:00:00,Falta de Pago
1896,11879,2025-08-13 00:00:00,Falta de Pago
1897,3116,2022-11-12 00:00:00,Falta de Pago
1898,198,2022-04-17 00:00:00,Falta de Pago
1899,27921,2027-11-05 00:00:00,Solicitud
1900,17636,2027-10-04 00:00:00,Falta de Pago
1901,20210,2026-04-16 00:00:00,Solicitud
1902,10661,2025-05-18 00:00:00,Solicitud
1903,14012,2025-01-14 00:00:00,Falta de Pago
1904,5233,2023-04-19 00:00:00,Solicitud
1905,21045,2029-06-16 00:00:00,Falta de Pago
1906,18993,2026-01-14 00:00:00,Falta de Pago
1907,24930,2027-04-02 00:00:00,Solicitud
1908,3321,2024-11-29 00:00:00,Falta de Pago
1909,6238,2024-07-03 00:00:00,Falta de Pago
1910,1973,2023-08-23 00:00:00,Solicitud
1911,9755,2025-03-16 00:00:00,Falta de Pago
1912,10810,2025-05-29 00:00:00,Falta de Pago
1913,22106,2028-09-04 00:00:00,Solicitud
1914,26416,2027-07-18 00:00:00,Solicitud
1915,11681,2025-08-01 00:00:00,Solicitud
1916,3908,2023-01-09 00:00:00,Falta de Pago
1917,22596,2026-10-10 00:00:00,Solicitud
1918,21112,2027-06-21 00:00:00,Solicitud
1919,23809,2027-01-08 00:00:00,Solicitud
1920,14321,2025-02-07 00:00:00,Falta de Pago
1921,25853,2028-06-08 00:00:00,Solicitud
1922,474,2022-05-09 00:00:00,Solicitud
1923,17933,2025-10-26 00:00:00,Solicitud
1924,26494,2029-07-22 00:00:00,Falta de Pago
1925,5824,2023-06-03 00:00:00,Solicitud
1926,1673,2024-08-01 00:00:00,Solicitud
1927,8199,2023-11-23 00:00:00,Solicitud
1928,4099,2025-01-23 00:00:00,Solicitud
1929,11610,2026-07-27 00:00:00,Solicitud
1930,21630,2028-07-30 00:00:00,Falta de Pago
1931,8299,2025-12-02 00:00:00,Falta de Pago
1932,4459,2023-02-20 00:00:00,Solicitud
1933,7791,2023-10-22 00:00:00,Falta de Pago
1934,4828,2023-03-19 00:00:00,Solicitud
1935,21104,2027-06-21 00:00:00,Solicitud
1936,6302,2023-07-08 00:00:00,Falta de Pago
1937,7533,2024-10-03 00:00:00,Falta de Pago
1938,697,2024-05-23 00:00:00,Falta de Pago
1939,10414,2024-05-01 00:00:00,Falta de Pago
1940,22088,2027-09-02 00:00:00,Falta de Pago
1941,14737,2025-03-09 00:00:00,Falta de Pago
1942,7531,2023-10-03 00:00:00,Falta de Pago
1943,7086,2025-08-31 00:00:00,Falta de Pago
1944,3948,2026-01-12 00:00:00,Solicitud
1945,9374,2025-02-15 00:00:00,Falta de Pago
1946,17719,2025-10-10 00:00:00,Solicitud
1947,8348,2023-12-05 00:00:00,Falta de Pago
1948,10111,2024-04-08 00:00:00,Solicitud
1949,16242,2026-06-29 00:00:00,Solicitud
1950,16630,2025-07-26 00:00:00,Falta de Pago
1951,12061,2025-08-28 00:00:00,Solicitud
1952,27604,2029-10-11 00:00:00,Falta de Pago
1953,13620,2025-12-17 00:00:00,Solicitud
1954,15415,2026-04-27 00:00:00,Solicitud
1955,19233,2026-02-01 00:00:00,Falta de Pago
1956,21486,2026-07-19 00:00:00,Solicitud
1957,111,2022-04-10 00:00:00,Falta de Pago
1958,28043,2028-11-14 00:00:00,Falta de Pago
1959,15632,2026-05-13 00:00:00,Falta de Pago
1960,15035,2026-04-01 00:00:00,Falta de Pago
1961,585,2023-05-16 00:00:00,Falta de Pago
1962,13919,2028-01-07 00:00:00,Falta de Pago
1963,10287,2025-04-21 00:00:00,Solicitud
1964,6095,2025-06-22 00:00:00,Solicitud
1965,27241,2027-09-14 00:00:00,Falta de Pago
1966,4204,2023-01-30 00:00:00,Falta de Pago
1967,10154,2025-04-11 00:00:00,Falta de Pago
1968,20746,2026-05-25 00:00:00,Falta de Pago
1969,3730,2022-12-28 00:00:00,Solicitud
1970,28537,2027-12-18 00:00:00,Falta de Pago
1971,9996,2026-04-01 00:00:00,Falta de Pago
1972,24908,2027-03-31 00:00:00,Falta de Pago
1973,11330,2026-07-06 00:00:00,Falta de Pago
1974,28726,2027-12-31 00:00:00,Falta de Pago
1975,16767,2027-08-04 00:00:00,Falta de Pago
1976,2210,2024-09-09 00:00:00,Solicitud
1977,27900,2027-11-03 00:00:00,Falta de Pago
1978,1571,2024-07-25 00:00:00,Falta de Pago
1979,11427,2025-07-13 00:00:00,Solicitud
1980,26857,2029-08-17 00:00:00,Falta de Pago
1981,25631,2028-05-22 00:00:00,Falta de Pago
1982,7352,2024-09-20 00:00:00,Falta de Pago
1983,4694,2025-03-10 00:00:00,Falta de Pago
1984,13710,2024-12-22 00:00:00,Solicitud
1985,27323,2027-09-21 00:00:00,Falta de Pago
1986,22162,2026-09-08 00:00:00,Solicitud
1987,17748,2028-10-12 00:00:00,Falta de Pago
1988,5913,2023-06-09 00:00:00,Falta de Pago
1989,28691,2029-12-29 00:00:00,Falta de Pago
1990,13405,2024-12-03 00:00:00,Solicitud
1991,17543,2027-09-28 00:00:00,Falta de Pago
1992,25534,2028-05-16 00:00:00,Solicitud
1993,19589,2026-02-27 00:00:00,Falta de Pago
1994,19790,2026-03-14 00:00:00,Solicitud
1995,26301,2028-07-10 00:00:00,Falta de Pago
1996,11416,2024-07-12 00:00:00,Solicitud
1997,20737,2026-05-24 00:00:00,Falta de Pago
1998,14131,2026-01-24 00:00:00,Falta de Pago
1999,24030,2027-01-24 00:00:00,Solicitud
2000,2314,2024-09-17 00:00:00,Solicitud
2001,11424,2025-07-13 00:00:00,Falta de Pago
2002,653,2022-05-20 00:00:00,Solicitud
2003,12537,2026-10-02 00:00:00,Solicitud
2004,11475,2025-07-17 00:00:00,Solicitud
2005,14948,2025-03-25 00:00:00,Solicitud
2006,17052,2027-08-26 00:00:00,Falta de Pago
2007,19028,2028-01-16 00:00:00,Falta de Pago
2008,16347,2027-07-06 00:00:00,Falta de Pago
2009,6659,2025-08-02 00:00:00,Falta de Pago
2010,14647,2027-03-03 00:00:00,Falta de Pago
2011,23743,2028-01-03 00:00:00,Solicitud
2012,24643,2028-03-12 00:00:00,Falta de Pago
2013,38,2024-04-03 00:00:00,Falta de Pago
2014,2927,2022-10-31 00:00:00,Falta de Pago
2015,9332,2026-02-12 00:00:00,Falta de Pago
2016,7199,2023-09-09 00:00:00,Falta de Pago
2017,19559,2027-02-24 00:00:00,Falta de Pago
2018,18224,2026-11-18 00:00:00,Falta de Pago
2019,24879,2027-03-29 00:00:00,Solicitud
2020,17100,2026-08-29 00:00:00,Solicitud
2021,4955,2023-03-29 00:00:00,Falta de Pago
2022,21752,2026-08-08 00:00:00,Solicitud
2023,4388,2024-02-14 00:00:00,Solicitud
2024,10564,2024-05-11 00:00:00,Solicitud
2025,27296,2027-09-19 00:00:00,Falta de Pago
2026,28324,2027-12-03 00:00:00,Solicitud
2027,23271,2027-11-30 00:00:00,Falta de Pago
2028,23799,2027-01-07 00:00:00,Solicitud
2029,21377,2027-07-10 00:00:00,Solicitud
2030,6480,2024-07-21 00:00:00,Solicitud
2031,7336,2024-09-19 00:00:00,Solicitud
2032,5741,2023-05-27 00:00:00,Falta de Pago
2033,5258,2023-04-21 00:00:00,Falta de Pago
2034,20026,2027-03-31 00:00:00,Solicitud
2035,21583,2027-07-26 00:00:00,Falta de Pago
2036,1108,2022-06-20 00:00:00,Falta de Pago
2037,8177,2024-11-21 00:00:00,Solicitud
2038,23475,2026-12-15 00:00:00,Falta de Pago
2039,17171,2026-09-03 00:00:00,Falta de Pago
2040,11328,2027-07-06 00:00:00,Falta de Pago
2041,28388,2027-12-08 00:00:00,Solicitud
2042,7880,2024-10-29 00:00:00,Falta de Pago
2043,8002,2023-11-07 00:00:00,Solicitud
2044,8438,2024-12-11 00:00:00,Falta de Pago
2045,11823,2025-08-10 00:00:00,Falta de Pago
2046,6736,2023-08-07 00:00:00,Falta de Pago
2047,8022,2024-11-09 00:00:00,Solicitud
2048,18310,2025-11-25 00:00:00,Solicitud
2049,10894,2025-06-03 00:00:00,Solicitud
2050,25046,2027-04-11 00:00:00,Falta de Pago
2051,17702,2025-10-08 00:00:00,Falta de Pago
2052,23237,2026-11-27 00:00:00,Falta de Pago
2053,14534,2025-02-23 00:00:00,Solicitud
2054,5223,2024-04-18 00:00:00,Solicitud
2055,3053,2023-11-08 00:00:00,Falta de Pago
2056,10967,2026-06-09 00:00:00,Solicitud
2057,17232,2025-09-07 00:00:00,Solicitud
2058,17435,2025-09-22 00:00:00,Solicitud
2059,2326,2022-09-17 00:00:00,Solicitud
2060,11062,2025-06-15 00:00:00,Solicitud
2061,8349,2025-12-05 00:00:00,Falta de Pago
2062,12177,2024-09-05 00:00:00,Solicitud
2063,2288,2023-09-14 00:00:00,Falta de Pago
2064,1078,2022-06-18 00:00:00,Falta de Pago
2065,11846,2026-08-12 00:00:00,Falta de Pago
2066,21351,2027-07-09 00:00:00,Solicitud
2067,6900,2024-08-18 00:00:00,Falta de Pago
2068,11557,2025-07-23 00:00:00,Falta de Pago
2069,2612,2023-10-09 00:00:00,Solicitud
2070,22330,2026-09-20 00:00:00,Solicitud
2071,998,2023-06-12 00:00:00,Falta de Pago
2072,13411,2024-12-03 00:00:00,Falta de Pago
2073,2136,2022-09-03 00:00:00,Falta de Pago
2074,12525,2025-10-01 00:00:00,Solicitud
2075,14595,2026-02-28 00:00:00,Solicitud
2076,9599,2024-03-03 00:00:00,Solicitud
2077,22893,2027-10-31 00:00:00,Falta de Pago
2078,4270,2024-02-05 00:00:00,Falta de Pago
2079,2024,2025-08-26 00:00:00,Solicitud
2080,15133,2026-04-08 00:00:00,Falta de Pago
2081,10043,2026-04-03 00:00:00,Solicitud
2082,17382,2025-09-17 00:00:00,Falta de Pago
2083,22928,2028-11-03 00:00:00,Falta de Pago
2084,4238,2023-02-02 00:00:00,Falta de Pago
2085,26563,2027-07-26 00:00:00,Falta de Pago
2086,23484,2027-12-16 00:00:00,Solicitud
2087,13000,2024-11-05 00:00:00,Falta de Pago
2088,11617,2024-07-28 00:00:00,Falta de Pago
2089,8559,2023-12-20 00:00:00,Falta de Pago
2090,17445,2025-09-22 00:00:00,Solicitud
2091,13957,2025-01-10 00:00:00,Falta de Pago
2092,7467,2023-09-28 00:00:00,Solicitud
2093,17569,2026-09-30 00:00:00,Solicitud
2094,12086,2025-08-30 00:00:00,Solicitud
2095,21634,2027-07-31 00:00:00,Solicitud
2096,1804,2022-08-11 00:00:00,Falta de Pago
2097,19747,2027-03-11 00:00:00,Falta de Pago
2098,27837,2027-10-29 00:00:00,Falta de Pago
2099,26225,2029-07-04 00:00:00,Falta de Pago
2100,18654,2025-12-19 00:00:00,Solicitud
2101,14851,2026-03-18 00:00:00,Falta de Pago
2102,15856,2026-06-01 00:00:00,Solicitud
2103,2897,2022-10-29 00:00:00,Solicitud
2104,4292,2023-02-07 00:00:00,Falta de Pago
2105,20053,2026-04-02 00:00:00,Solicitud
2106,7122,2024-09-03 00:00:00,Falta de Pago
2107,22916,2027-11-02 00:00:00,Solicitud
2108,296,2022-04-25 00:00:00,Solicitud
2109,16599,2025-07-24 00:00:00,Falta de Pago
2110,10604,2024-05-14 00:00:00,Falta de Pago
2111,11916,2024-08-16 00:00:00,Solicitud
2112,14580,2025-02-26 00:00:00,Solicitud
2113,20163,2029-04-12 00:00:00,Solicitud
2114,8656,2025-12-26 00:00:00,Solicitud
2115,24917,2028-04-01 00:00:00,Solicitud
2116,6940,2025-08-21 00:00:00,Falta de Pago
2117,12620,2026-10-09 00:00:00,Solicitud
2118,849,2022-06-02 00:00:00,Falta de Pago
2119,12882,2025-10-28 00:00:00,Falta de Pago
2120,12927,2024-10-31 00:00:00,Falta de Pago
2121,13450,2025-12-06 00:00:00,Falta de Pago
2122,20254,2026-04-19 00:00:00,Solicitud
2123,14291,2026-02-05 00:00:00,Falta de Pago
2124,12319,2024-09-16 00:00:00,Falta de Pago
2125,22075,2026-09-01 00:00:00,Solicitud
2126,5632,2026-05-20 00:00:00,Solicitud
2127,20821,2026-05-29 00:00:00,Solicitud
2128,23742,2028-01-03 00:00:00,Falta de Pago
2129,18189,2027-11-16 00:00:00,Solicitud
2130,18721,2026-12-25 00:00:00,Falta de Pago
2131,11836,2026-08-11 00:00:00,Solicitud
2132,12578,2025-10-06 00:00:00,Falta de Pago
2133,25211,2027-04-23 00:00:00,Falta de Pago
2134,13644,2024-12-19 00:00:00,Solicitud
2135,15726,2025-05-21 00:00:00,Solicitud
2136,11735,2024-08-05 00:00:00,Solicitud
2137,28279,2028-11-30 00:00:00,Falta de Pago
2138,477,2025-05-09 00:00:00,Solicitud
2139,11403,2026-07-12 00:00:00,Falta de Pago
2140,5613,2023-05-19 00:00:00,Falta de Pago
2141,13481,2024-12-08 00:00:00,Solicitud
2142,24103,2027-01-29 00:00:00,Solicitud
2143,5485,2023-05-09 00:00:00,Falta de Pago
2144,28362,2027-12-06 00:00:00,Solicitud
2145,7873,2024-10-29 00:00:00,Falta de Pago
2146,25407,2027-05-07 00:00:00,Falta de Pago
2147,23992,2029-01-21 00:00:00,Solicitud
2148,26391,2027-07-16 00:00:00,Falta de Pago
2149,19414,2026-02-13 00:00:00,Falta de Pago
2150,13473,2026-12-07 00:00:00,Solicitud
2151,9081,2024-01-24 00:00:00,Solicitud
2152,15316,2025-04-19 00:00:00,Falta de Pago
2153,26934,2029-08-23 00:00:00,Solicitud
2154,5098,2024-04-09 00:00:00,Alteración de riesgo
2155,19789,2028-03-14 00:00:00,Falta de Pago
2156,10890,2025-06-03 00:00:00,Solicitud
2157,5402,2024-05-02 00:00:00,Falta de Pago
2158,11011,2025-06-12 00:00:00,Solicitud
2159,854,2022-06-02 00:00:00,Solicitud
2160,9421,2024-02-18 00:00:00,Solicitud
2161,23302,2027-12-02 00:00:00,Falta de Pago
2162,8453,2026-12-12 00:00:00,Falta de Pago
2163,2708,2023-10-16 00:00:00,Falta de Pago
2164,18981,2026-01-12 00:00:00,Solicitud
2165,1933,2022-08-19 00:00:00,Falta de Pago
2166,13438,2026-12-05 00:00:00,Solicitud
2167,17725,2027-10-10 00:00:00,Solicitud
2168,9883,2025-03-24 00:00:00,Solicitud
2169,6921,2026-08-20 00:00:00,Falta de Pago
2170,8560,2025-12-20 00:00:00,Solicitud
2171,24793,2027-03-22 00:00:00,Solicitud
2172,23367,2029-12-08 00:00:00,Falta de Pago
2173,17264,2026-09-09 00:00:00,Solicitud
2174,2580,2022-10-06 00:00:00,Solicitud
2175,18982,2026-01-12 00:00:00,Falta de Pago
2176,3837,2023-01-05 00:00:00,Falta de Pago
2177,12112,2024-08-31 00:00:00,Solicitud
2178,22127,2026-09-05 00:00:00,Falta de Pago
2179,19442,2027-02-15 00:00:00,Falta de Pago
2180,9870,2024-03-23 00:00:00,Falta de Pago
2181,11548,2025-07-22 00:00:00,Solicitud
2182,22151,2027-09-07 00:00:00,Falta de Pago
2183,22223,2026-09-11 00:00:00,Falta de Pago
2184,10061,2025-04-05 00:00:00,Solicitud
2185,28212,2027-11-24 00:00:00,Falta de Pago
2186,645,2022-05-20 00:00:00,Falta de Pago
2187,16769,2026-08-04 00:00:00,Falta de Pago
2188,21058,2026-06-17 00:00:00,Solicitud
2189,20626,2027-05-16 00:00:00,Solicitud
2190,14328,2026-02-07 00:00:00,Solicitud
2191,7801,2024-10-23 00:00:00,Falta de Pago
2192,10028,2026-04-02 00:00:00,Falta de Pago
2193,7515,2023-10-01 00:00:00,Falta de Pago
2194,26312,2028-07-11 00:00:00,Solicitud
2195,21137,2028-06-24 00:00:00,Falta de Pago
2196,4891,2023-03-24 00:00:00,Falta de Pago
2197,26173,2027-07-01 00:00:00,Solicitud
2198,28375,2028-12-07 00:00:00,Solicitud
2199,12282,2024-09-13 00:00:00,Solicitud
2200,19394,2028-02-12 00:00:00,Falta de Pago
2201,21195,2027-06-28 00:00:00,Falta de Pago
2202,2091,2023-09-01 00:00:00,Falta de Pago
2203,8717,2023-12-31 00:00:00,Falta de Pago
2204,26250,2027-07-06 00:00:00,Alteración de riesgo
2205,15715,2025-05-20 00:00:00,Falta de Pago
2206,13232,2024-11-19 00:00:00,Falta de Pago
2207,7899,2024-10-31 00:00:00,Solicitud
2208,20837,2028-05-30 00:00:00,Falta de Pago
